k1,k2,k3,p,r,value
0.5,0.5,0.5,0.01,0.9801980198019802,0.9828527678499754
0.5,0.5,0.5,0.010980980980980982,0.9782765824727468,0.9809500809250502
0.5,0.5,0.5,0.011961961961961962,0.9763588703694545,0.9790528237701283
0.5,0.5,0.5,0.012942942942942943,0.9744448726690582,0.977160976405906
0.5,0.5,0.5,0.013923923923923925,0.9725345785903979,0.9752745189408784
0.5,0.5,0.5,0.014904904904904905,0.9706279773939974,0.9733934315707404
0.5,0.5,0.5,0.015885885885885884,0.9687250583818616,0.9715176945780608
0.5,0.5,0.5,0.016866866866866868,0.9668258108972781,0.9696472883317766
0.5,0.5,0.5,0.017847847847847848,0.9649302243246166,0.9677821932867408
0.5,0.5,0.5,0.018828828828828827,0.9630382880891326,0.9659223899834541
0.5,0.5,0.5,0.01980980980980981,0.9611499916567693,0.9640678590475188
0.5,0.5,0.5,0.02079079079079079,0.9592653245339636,0.9622185811890648
0.5,0.5,0.5,0.02177177177177177,0.9573842762674504,0.9603745372026339
0.5,0.5,0.5,0.022752752752752754,0.9555068364440704,0.9585357079665765
0.5,0.5,0.5,0.023733733733733733,0.9536329946905769,0.956702074442672
0.5,0.5,0.5,0.024714714714714713,0.9517627406734461,0.9548736176757615
0.5,0.5,0.5,0.025695695695695697,0.9498960640986853,0.9530503187932235
0.5,0.5,0.5,0.026676676676676676,0.9480329547116463,0.9512321590046299
0.5,0.5,0.5,0.027657657657657656,0.9461734022968352,0.9494191196013398
0.5,0.5,0.5,0.02863863863863864,0.944317396677728,0.9476111819562263
0.5,0.5,0.5,0.02961961961961962,0.9424649277165827,0.945808327522937
0.5,0.5,0.5,0.0306006006006006,0.9406159853142575,0.9440105378358631
0.5,0.5,0.5,0.03158158158158158,0.9387705594100237,0.9422177945094417
0.5,0.5,0.5,0.03256256256256256,0.936928639981387,0.9404300792380078
0.5,0.5,0.5,0.033543543543543546,0.9350902170439027,0.9386473737952432
0.5,0.5,0.5,0.03452452452452452,0.9332552806509982,0.9368696600337832
0.5,0.5,0.5,0.035505505505505505,0.931423820893791,0.9350969198848696
0.5,0.5,0.5,0.03648648648648649,0.9295958279009128,0.9333291353580928
0.5,0.5,0.5,0.037467467467467465,0.9277712918383296,0.93156628854076
0.5,0.5,0.5,0.03844844844844845,0.9259502029091681,0.9298083615975979
0.5,0.5,0.5,0.03942942942942943,0.9241325513535377,0.9280553367704054
0.5,0.5,0.5,0.04041041041041041,0.9223183274483582,0.9263071963778893
0.5,0.5,0.5,0.04139139139139139,0.9205075215071851,0.9245639228147375
0.5,0.5,0.5,0.042372372372372374,0.9187001238800381,0.9228254985517996
0.5,0.5,0.5,0.04335335335335335,0.9168961249532288,0.9210919061354649
0.5,0.5,0.5,0.044334334334334334,0.9150955151491915,0.9193631281871335
0.5,0.5,0.5,0.04531531531531532,0.913298284926312,0.9176391474032435
0.5,0.5,0.5,0.046296296296296294,0.9115044247787611,0.9159199465546052
0.5,0.5,0.5,0.04727727727727728,0.9097139252363247,0.9142055084860928
0.5,0.5,0.5,0.04825825825825826,0.9079267768642393,0.9124958161162983
0.5,0.5,0.5,0.04923923923923924,0.9061429702630247,0.9107908524372713
0.5,0.5,0.5,0.05022022022022022,0.9043624960683206,0.9090906005140008
0.5,0.5,0.5,0.0512012012012012,0.9025853449507213,0.907395043484064
0.5,0.5,0.5,0.05218218218218218,0.9008115076156137,0.9057041645574386
0.5,0.5,0.5,0.05316316316316316,0.899040974803015,0.9040179470159668
0.5,0.5,0.5,0.054144144144144146,0.8972737372874113,0.90233637421313
0.5,0.5,0.5,0.05512512512512512,0.8955097858775983,0.9006594295736158
0.5,0.5,0.5,0.056106106106106106,0.8937491114165206,0.8989870965929816
0.5,0.5,0.5,0.05708708708708709,0.8919917047811142,0.8973193588373573
0.5,0.5,0.5,0.058068068068068066,0.8902375568821487,0.8956561999430619
0.5,0.5,0.5,0.05904904904904905,0.8884866586640706,0.8939976036163139
0.5,0.5,0.5,0.06003003003003003,0.8867390011048472,0.8923435536327756
0.5,0.5,0.5,0.06101101101101101,0.8849945752158122,0.8906940338373296
0.5,0.5,0.5,0.06199199199199199,0.8832533720415107,0.8890490281436751
0.5,0.5,0.5,0.06297297297297297,0.8815153826595474,0.8874085205340322
0.5,0.5,0.5,0.06395395395395395,0.8797805981804325,0.8857724950588303
0.5,0.5,0.5,0.06493493493493493,0.8780490097474316,0.8841409358362722
0.5,0.5,0.5,0.06591591591591592,0.8763206085364136,0.8825138270520644
0.5,0.5,0.5,0.0668968968968969,0.8745953857557022,0.8808911529592239
0.5,0.5,0.5,0.06787787787787788,0.8728733326459256,0.8792728978774684
0.5,0.5,0.5,0.06885885885885885,0.8711544404798697,0.8776590461931578
0.5,0.5,0.5,0.06983983983983984,0.8694387005623286,0.8760495823587965
0.5,0.5,0.5,0.07082082082082082,0.8677261042299603,0.8744444908928513
0.5,0.5,0.5,0.0718018018018018,0.8660166428511389,0.8728437563792777
0.5,0.5,0.5,0.07278278278278279,0.8643103078258111,0.8712473634673303
0.5,0.5,0.5,0.07376376376376377,0.8626070905853508,0.8696552968711982
0.5,0.5,0.5,0.07474474474474474,0.8609069825924167,0.8680675413696862
0.5,0.5,0.5,0.07572572572572572,0.8592099753408086,0.866484081805932
0.5,0.5,0.5,0.0767067067067067,0.8575160603553268,0.8649049030870357
0.5,0.5,0.5,0.07768768768768769,0.8558252291916292,0.863329990183838
0.5,0.5,0.5,0.07866866866866867,0.8541374734360936,0.8617593281305603
0.5,0.5,0.5,0.07964964964964966,0.852452784705675,0.860192902024445
0.5,0.5,0.5,0.08063063063063063,0.85077115464777,0.8586306970255466
0.5,0.5,0.5,0.08161161161161161,0.8490925749400757,0.8570726983564085
0.5,0.5,0.5,0.08259259259259259,0.847417037290455,0.8555188913017336
0.5,0.5,0.5,0.08357357357357358,0.8457445334367985,0.8539692612080844
0.5,0.5,0.5,0.08455455455455456,0.8440750551468892,0.8524237934836594
0.5,0.5,0.5,0.08553553553553554,0.8424085942182673,0.8508824735978191
0.5,0.5,0.5,0.08651651651651651,0.8407451424780963,0.8493452870810126
0.5,0.5,0.5,0.0874974974974975,0.8390846917830285,0.8478122195243455
0.5,0.5,0.5,0.08847847847847848,0.8374272340190733,0.8462832565793195
0.5,0.5,0.5,0.08945945945945946,0.8357727611014636,0.8447583839575553
0.5,0.5,0.5,0.09044044044044044,0.8341212649745261,0.8432375874304914
0.5,0.5,0.5,0.09142142142142143,0.8324727376115487,0.8417208528291312
0.5,0.5,0.5,0.0924024024024024,0.8308271710146522,0.8402081660436307
0.5,0.5,0.5,0.09338338338338338,0.829184557214659,0.8386995130232493
0.5,0.5,0.5,0.09436436436436436,0.827544888270967,0.837194879775878
0.5,0.5,0.5,0.09534534534534535,0.8259081562714187,0.8356942523677495
0.5,0.5,0.5,0.09632632632632633,0.8242743533321768,0.8341976169232769
0.5,0.5,0.5,0.09730730730730731,0.8226434715975953,0.8327049596247961
0.5,0.5,0.5,0.09828828828828828,0.8210155032400952,0.831216266712024
0.5,0.5,0.5,0.09926926926926927,0.8193904404600382,0.8297315244821746
0.5,0.5,0.5,0.10025025025025025,0.8177682754856025,0.8282507192893309
0.5,0.5,0.5,0.10123123123123123,0.8161490005726595,0.8267738375444527
0.5,0.5,0.5,0.10221221221221222,0.8145326080046499,0.8253008657149004
0.5,0.5,0.5,0.1031931931931932,0.8129190900924608,0.8238317903242304
0.5,0.5,0.5,0.10417417417417417,0.8113084391743044,0.8223665979520769
0.5,0.5,0.5,0.10515515515515515,0.8097006476155972,0.8209052752335436
0.5,0.5,0.5,0.10613613613613614,0.8080957078088378,0.8194478088593258
0.5,0.5,0.5,0.10711711711711712,0.8064936121734886,0.8179941855751859
0.5,0.5,0.5,0.1080980980980981,0.804894353155855,0.8165443921818104
0.5,0.5,0.5,0.10907907907907909,0.8032979232289683,0.8150984155345026
0.5,0.5,0.5,0.11006006006006006,0.8017043148924659,0.8136562425429017
0.5,0.5,0.5,0.11104104104104104,0.8001135206724749,0.8122178601708469
0.5,0.5,0.5,0.11202202202202202,0.798525533121495,0.8107832554358547
0.5,0.5,0.5,0.113003003003003,0.7969403448182825,0.8093524154092876
0.5,0.5,0.5,0.11398398398398399,0.7953579483677339,0.8079253272156133
0.5,0.5,0.5,0.11496496496496497,0.7937783364007721,0.8065019780326033
0.5,0.5,0.5,0.11594594594594594,0.792201501574231,0.8050823550906789
0.5,0.5,0.5,0.11692692692692692,0.7906274365707423,0.8036664456729948
0.5,0.5,0.5,0.11790790790790791,0.7890561340986219,0.8022542371149709
0.5,0.5,0.5,0.11888888888888889,0.7874875868917577,0.8008457168042052
0.5,0.5,0.5,0.11986986986986987,0.7859217877094972,0.7994408721800584
0.5,0.5,0.5,0.12085085085085086,0.7843587293365365,0.7980396907335
0.5,0.5,0.5,0.12183183183183183,0.782798404582809,0.7966421600069623
0.5,0.5,0.5,0.12281281281281281,0.7812408062833761,0.795248267593876
0.5,0.5,0.5,0.1237937937937938,0.7796859272983155,0.7938580011386193
0.5,0.5,0.5,0.12477477477477478,0.7781337605126152,0.7924713483362402
0.5,0.5,0.5,0.12575575575575576,0.7765842988360615,0.7910882969320733
0.5,0.5,0.5,0.12673673673673674,0.7750375352031343,0.7897088347217736
0.5,0.5,0.5,0.12771771771771773,0.7734934625728969,0.7883329495507541
0.5,0.5,0.5,0.1286986986986987,0.7719520739288914,0.7869606293142456
0.5,0.5,0.5,0.12967967967967967,0.7704133622790306,0.7855918619569443
0.5,0.5,0.5,0.13066066066066065,0.768877320655494,0.7842266354727114
0.5,0.5,0.5,0.13164164164164163,0.7673439421146209,0.7828649379044127
0.5,0.5,0.5,0.13262262262262262,0.7658132197368073,0.7815067573437422
0.5,0.5,0.5,0.1336036036036036,0.7642851466264007,0.7801520819308658
0.5,0.5,0.5,0.13458458458458458,0.7627597159115974,0.7788008998543525
0.5,0.5,0.5,0.13556556556556557,0.7612369207443386,0.777453199350706
0.5,0.5,0.5,0.13654654654654655,0.7597167543002088,0.7761089687044005
0.5,0.5,0.5,0.13752752752752753,0.7581992097783331,0.7747681962475851
0.5,0.5,0.5,0.13850850850850852,0.7566842804012767,0.7734308703597398
0.5,0.5,0.5,0.1394894894894895,0.7551719594149426,0.7720969794675986
0.5,0.5,0.5,0.14047047047047048,0.753662240088473,0.7707665120447776
0.5,0.5,0.5,0.14145145145145144,0.752155115714148,0.7694394566118052
0.5,0.5,0.5,0.14243243243243242,0.7506505796072865,0.7681158017355338
0.5,0.5,0.5,0.1434134134134134,0.7491486251061482,0.7667955360293387
0.5,0.5,0.5,0.1443943943943944,0.7476492455718347,0.7654786481525985
0.5,0.5,0.5,0.14537537537537537,0.7461524343881912,0.7641651268105825
0.5,0.5,0.5,0.14635635635635635,0.7446581849617101,0.7628549607542655
0.5,0.5,0.5,0.14733733733733734,0.7431664907214336,0.7615481387800583
0.5,0.5,0.5,0.14831831831831832,0.7416773451188577,0.7602446497296269
0.5,0.5,0.5,0.1492992992992993,0.7401907416278362,0.7589444824897483
0.5,0.5,0.5,0.1502802802802803,0.738706673744485,0.7576476259918685
0.5,0.5,0.5,0.15126126126126127,0.7372251349870881,0.7563540692122672
0.5,0.5,0.5,0.15224224224224225,0.7357461188960029,0.7550638011714776
0.5,0.5,0.5,0.1532232232232232,0.7342696190335657,0.7537768109343272
0.5,0.5,0.5,0.1542042042042042,0.732795628983999,0.7524930876096023
0.5,0.5,0.5,0.15518518518518518,0.7313241423533184,0.7512126203499063
0.5,0.5,0.5,0.15616616616616616,0.7298551527692401,0.749935398351518
0.5,0.5,0.5,0.15714714714714714,0.728388653881089,0.7486614108539993
0.5,0.5,0.5,0.15812812812812813,0.7269246393597067,0.7473906471401542
0.5,0.5,0.5,0.1591091091091091,0.7254631028973617,0.7461230965358359
0.5,0.5,0.5,0.1600900900900901,0.724004038207657,0.7448587484096204
0.5,0.5,0.5,0.16107107107107108,0.7225474390254416,0.7435975921726955
0.5,0.5,0.5,0.16205205205205206,0.7210932991067198,0.7423396172787452
0.5,0.5,0.5,0.16303303303303304,0.7196416122285626,0.7410848132235571
0.5,0.5,0.5,0.16401401401401403,0.7181923721890183,0.7398331695449543
0.5,0.5,0.5,0.16499499499499498,0.7167455728070252,0.7385846758226625
0.5,0.5,0.5,0.16597597597597596,0.715301207922322,0.7373393216778956
0.5,0.5,0.5,0.16695695695695695,0.7138592713953629,0.7360970967734296
0.5,0.5,0.5,0.16793793793793793,0.7124197571072276,0.7348579908132429
0.5,0.5,0.5,0.16891891891891891,0.7109826589595376,0.7336219935423772
0.5,0.5,0.5,0.1698998998998999,0.7095479708743678,0.732389094746701
0.5,0.5,0.5,0.17088088088088088,0.7081156867941627,0.7311592842528449
0.5,0.5,0.5,0.17186186186186186,0.7066858006816492,0.7299325519278617
0.5,0.5,0.5,0.17284284284284285,0.705258306519754,0.7287088876791542
0.5,0.5,0.5,0.17382382382382383,0.7038331983115166,0.7274882814542609
0.5,0.5,0.5,0.17480480480480481,0.7024104700800082,0.7262707232405538
0.5,0.5,0.5,0.1757857857857858,0.7009901158682456,0.7250562030653074
0.5,0.5,0.5,0.17676676676676675,0.6995721297391098,0.7238447109953104
0.5,0.5,0.5,0.17774774774774774,0.698156505775262,0.7226362371367214
0.5,0.5,0.5,0.17872872872872872,0.6967432380790625,0.7214307716349199
0.5,0.5,0.5,0.1797097097097097,0.6953323207724877,0.7202283046743696
0.5,0.5,0.5,0.1806906906906907,0.6939237479970497,0.7190288264783321
0.5,0.5,0.5,0.18167167167167167,0.6925175139137137,0.7178323273088173
0.5,0.5,0.5,0.18265265265265265,0.6911136127028195,0.7166387974662214
0.5,0.5,0.5,0.18363363363363364,0.6897120385639984,0.7154482272893784
0.5,0.5,0.5,0.18461461461461462,0.6883127857160964,0.7142606071552249
0.5,0.5,0.5,0.1855955955955956,0.6869158483970922,0.7130759274786701
0.5,0.5,0.5,0.18657657657657659,0.6855212208640195,0.7118941787124992
0.5,0.5,0.5,0.18755755755755757,0.6841288973928875,0.7107153513470296
0.5,0.5,0.5,0.18853853853853852,0.6827388722786036,0.7095394359100916
0.5,0.5,0.5,0.1895195195195195,0.6813511398348943,0.7083664229667911
0.5,0.5,0.5,0.1905005005005005,0.6799656943942286,0.7071963031193771
0.5,0.5,0.5,0.19148148148148147,0.6785825303077402,0.7060290670070757
0.5,0.5,0.5,0.19246246246246246,0.677201641945151,0.7048647053058201
0.5,0.5,0.5,0.19344344344344344,0.6758230236946948,0.703703208728244
0.5,0.5,0.5,0.19442442442442442,0.6744466699630415,0.7025445680233622
0.5,0.5,0.5,0.1954054054054054,0.6730725751752205,0.7013887739765466
0.5,0.5,0.5,0.1963863863863864,0.6717007337745463,0.7002358174092689
0.5,0.5,0.5,0.19736736736736737,0.6703311402225436,0.6990856891789093
0.5,0.5,0.5,0.19834834834834836,0.6689637889988723,0.6979383801787442
0.5,0.5,0.5,0.19932932932932934,0.6675986746012537,0.6967938813375957
0.5,0.5,0.5,0.2003103103103103,0.6662357915453961,0.6956521836197975
0.5,0.5,0.5,0.20129129129129128,0.6648751343649226,0.6945132780250088
0.5,0.5,0.5,0.20227227227227226,0.6635166976112966,0.6933771555880196
0.5,0.5,0.5,0.20325325325325325,0.6621604758537499,0.6922438073786515
0.5,0.5,0.5,0.20423423423423423,0.6608064636792099,0.6911132245014847
0.5,0.5,0.5,0.2052152152152152,0.6594546556922285,0.6899853980958826
0.5,0.5,0.5,0.2061961961961962,0.6581050465149088,0.6888603193356807
0.5,0.5,0.5,0.20717717717717718,0.6567576307868355,0.6877379794290933
0.5,0.5,0.5,0.20815815815815816,0.6554124031650026,0.6866183696185449
0.5,0.5,0.5,0.20913913913913915,0.6540693583237439,0.6855014811805011
0.5,0.5,0.5,0.21012012012012013,0.6527284909546616,0.6843873054253432
0.5,0.5,0.5,0.2111011011011011,0.6513897957665573,0.6832758336972999
0.5,0.5,0.5,0.21208208208208207,0.6500532674853617,0.6821670573740356
0.5,0.5,0.5,0.21306306306306305,0.6487189008540661,0.6810609678667955
0.5,0.5,0.5,0.21404404404404404,0.6473866906326525,0.6799575566201108
0.5,0.5,0.5,0.21502502502502502,0.6460566315980262,0.6788568151116169
0.5,0.5,0.5,0.216006006006006,0.6447287185439458,0.677758734851992
0.5,0.5,0.5,0.21698698698698698,0.6434029462809578,0.6766633073847589
0.5,0.5,0.5,0.21796796796796797,0.6420793096363262,0.675570524286124
0.5,0.5,0.5,0.21894894894894895,0.6407578034539677,0.6744803771649466
0.5,0.5,0.5,0.21992992992992993,0.6394384225943825,0.6733928576624131
0.5,0.5,0.5,0.22091091091091092,0.63812116193459,0.6723079574519897
0.5,0.5,0.5,0.2218918918918919,0.6368060163680601,0.6712256682393496
0.5,0.5,0.5,0.22287287287287288,0.6354929808046496,0.6701459817620804
0.5,0.5,0.5,0.22385385385385384,0.634182050170534,0.6690688897895747
0.5,0.5,0.5,0.22483483483483482,0.6328732194081448,0.6679943841230587
0.5,0.5,0.5,0.2258158158158158,0.6315664834761022,0.6669224565951885
0.5,0.5,0.5,0.2267967967967968,0.6302618373491519,0.6658530990701094
0.5,0.5,0.5,0.22777777777777777,0.6289592760180995,0.6647863034432343
0.5,0.5,0.5,0.22875875875875876,0.6276587944897477,0.6637220616410853
0.5,0.5,0.5,0.22973973973973974,0.6263603877868312,0.6626603656212512
0.5,0.5,0.5,0.23072072072072072,0.625064050947954,0.6616012073721028
0.5,0.5,0.5,0.2317017017017017,0.6237697790275261,0.6605445789128
0.5,0.5,0.5,0.2326826826826827,0.6224775670957002,0.6594904722930449
0.5,0.5,0.5,0.23366366366366367,0.6211874102383097,0.6584388795930405
0.5,0.5,0.5,0.23464464464464466,0.619899303556806,0.6573897929232823
0.5,0.5,0.5,0.2356256256256256,0.6186132421681964,0.6563432044244278
0.5,0.5,0.5,0.2366066066066066,0.6173292212049831,0.6552991062672562
0.5,0.5,0.5,0.23758758758758758,0.616047235815101,0.6542574906523733
0.5,0.5,0.5,0.23856856856856856,0.6147672811618566,0.6532183498102287
0.5,0.5,0.5,0.23954954954954955,0.6134893524238679,0.6521816760009371
0.5,0.5,0.5,0.24053053053053053,0.6122134447950036,0.6511474615140732
0.5,0.5,0.5,0.2415115115115115,0.610939553484322,0.650115698668657
0.5,0.5,0.5,0.2424924924924925,0.609667673716012,0.6490863798129765
0.5,0.5,0.5,0.24347347347347348,0.6083978007293335,0.6480594973243697
0.5,0.5,0.5,0.24445445445445446,0.6071299297785571,0.6470350436093123
0.5,0.5,0.5,0.24543543543543545,0.6058640561329058,0.6460130111030188
0.5,0.5,0.5,0.24641641641641643,0.6046001750764955,0.644993392269529
0.5,0.5,0.5,0.24739739739739738,0.6033382819082775,0.6439761796015094
0.5,0.5,0.5,0.24837837837837837,0.6020783719419788,0.6429613656201137
0.5,0.5,0.5,0.24935935935935935,0.6008204405060452,0.6419489428748553
0.5,0.5,0.5,0.25034034034034036,0.5995644829435829,0.6409389039434363
0.5,0.5,0.5,0.25132132132132134,0.5983104946123017,0.6399312414318009
0.5,0.5,0.5,0.25230230230230233,0.5970584708844571,0.6389259479737988
0.5,0.5,0.5,0.25328328328328326,0.5958084071467937,0.6379230162312279
0.5,0.5,0.5,0.25426426426426424,0.5945602988004884,0.6369224388935366
0.5,0.5,0.5,0.2552452452452452,0.5933141412610947,0.6359242086779237
0.5,0.5,0.5,0.2562262262262262,0.5920699299584851,0.634928318328966
0.5,0.5,0.5,0.2572072072072072,0.5908276603367969,0.6339347606187296
0.5,0.5,0.5,0.2581881881881882,0.5895873278543753,0.6329435283465783
0.5,0.5,0.5,0.25916916916916916,0.5883489279837191,0.6319546143388847
0.5,0.5,0.5,0.26015015015015014,0.5871124562114243,0.6309680114492021
0.5,0.5,0.5,0.2611311311311311,0.585877908038131,0.6299837125579105
0.5,0.5,0.5,0.2621121121121121,0.5846452789784669,0.6290017105721648
0.5,0.5,0.5,0.2630930930930931,0.5834145645609948,0.6280219984258922
0.5,0.5,0.5,0.26407407407407407,0.5821857603281569,0.62704456907952
0.5,0.5,0.5,0.26505505505505506,0.5809588618362228,0.6260694155199062
0.5,0.5,0.5,0.26603603603603604,0.5797338646552337,0.6250965307602564
0.5,0.5,0.5,0.267017017017017,0.5785107643689513,0.624125907840042
0.5,0.5,0.5,0.267997997997998,0.5772895565748027,0.6231575398247499
0.5,0.5,0.5,0.268978978978979,0.57607023688383,0.6221914198059038
0.5,0.5,0.5,0.26995995995995997,0.5748528009206346,0.6212275409009155
0.5,0.5,0.5,0.27094094094094096,0.5736372443233282,0.6202658962529063
0.5,0.5,0.5,0.27192192192192194,0.5724235627434776,0.6193064790307041
0.5,0.5,0.5,0.2729029029029029,0.5712117518460559,0.6183492824286612
0.5,0.5,0.5,0.2738838838838839,0.5700018073093877,0.6173942996664933
0.5,0.5,0.5,0.2748648648648649,0.5687937248251007,0.6164415239893427
0.5,0.5,0.5,0.27584584584584587,0.5675875000980722,0.615490948667456
0.5,0.5,0.5,0.2768268268268268,0.56638312884638,0.6145425669962544
0.5,0.5,0.5,0.2778078078078078,0.5651806068012503,0.6135963722961005
0.5,0.5,0.5,0.27878878878878877,0.5639799297070082,0.6126523579122796
0.5,0.5,0.5,0.27976976976976975,0.5627810933210272,0.6117105172148017
0.5,0.5,0.5,0.28075075075075073,0.5615840934136791,0.6107708435983614
0.5,0.5,0.5,0.2817317317317317,0.5603889257682846,0.6098333304822627
0.5,0.5,0.5,0.2827127127127127,0.5591955861810634,0.6088979713101441
0.5,0.5,0.5,0.2836936936936937,0.558004070461085,0.6079647595501505
0.5,0.5,0.5,0.28467467467467467,0.55681437443022,0.6070336886945312
0.5,0.5,0.5,0.28565565565565565,0.5556264939230906,0.6061047522597451
0.5,0.5,0.5,0.28663663663663663,0.554440424787023,0.6051779437862406
0.5,0.5,0.5,0.2876176176176176,0.5532561628819976,0.6042532568384756
0.5,0.5,0.5,0.2885985985985986,0.5520737040806022,0.6033306850046506
0.5,0.5,0.5,0.2895795795795796,0.5508930442679831,0.6024102218966895
0.5,0.5,0.5,0.29056056056056057,0.5497141793417981,0.6014918611502222
0.5,0.5,0.5,0.29154154154154155,0.5485371052121683,0.6005755964243468
0.5,0.5,0.5,0.29252252252252253,0.547361817801631,0.5996614214015392
0.5,0.5,0.5,0.2935035035035035,0.5461883130450932,0.5987493297876724
0.5,0.5,0.5,0.2944844844844845,0.5450165868897842,0.5978393153117962
0.5,0.5,0.5,0.2954654654654655,0.5438466352952085,0.5969313717260707
0.5,0.5,0.5,0.29644644644644647,0.5426784542331003,0.5960254928057099
0.5,0.5,0.5,0.29742742742742745,0.5415120396873769,0.5951216723488139
0.5,0.5,0.5,0.29840840840840843,0.5403473876540925,0.5942199041763452
0.5,0.5,0.5,0.2993893893893894,0.5391844941413924,0.5933201821319511
0.5,0.5,0.5,0.30037037037037034,0.5380233551694673,0.5924225000819041
0.5,0.5,0.5,0.3013513513513513,0.536863966770509,0.5915268519150909
0.5,0.5,0.5,0.3023323323323323,0.5357063249886628,0.5906332315426951
0.5,0.5,0.5,0.3033133133133133,0.5345504258799857,0.5897416328983294
0.5,0.5,0.5,0.3042942942942943,0.5333962655123984,0.5888520499378854
0.5,0.5,0.5,0.30527527527527526,0.5322438399656435,0.5879644766392891
0.5,0.5,0.5,0.30625625625625624,0.5310931453312387,0.5870789070026227
0.5,0.5,0.5,0.3072372372372372,0.5299441777124348,0.5861953350498695
0.5,0.5,0.5,0.3082182182182182,0.52879693322417,0.5853137548249194
0.5,0.5,0.5,0.3091991991991992,0.527651407993027,0.5844341603933566
0.5,0.5,0.5,0.3101801801801802,0.526507598157189,0.5835565458425663
0.5,0.5,0.5,0.31116116116116116,0.525365499866397,0.5826809052814453
0.5,0.5,0.5,0.31214214214214214,0.5242251092819052,0.5818072328403515
0.5,0.5,0.5,0.3131231231231231,0.5230864225764402,0.5809355226711309
0.5,0.5,0.5,0.3141041041041041,0.5219494359341554,0.5800657689469185
0.5,0.5,0.5,0.3150850850850851,0.5208141455505911,0.5791979658620549
0.5,0.5,0.5,0.3160660660660661,0.5196805476326297,0.5783321076320015
0.5,0.5,0.5,0.31704704704704706,0.5185486383984557,0.5774681884933002
0.5,0.5,0.5,0.31802802802802804,0.5174184140775113,0.5766062027033936
0.5,0.5,0.5,0.319009009009009,0.516289870910457,0.5757461445406813
0.5,0.5,0.5,0.31998998998999,0.5151630051491275,0.5748880083042667
0.5,0.5,0.5,0.320970970970971,0.5140378130564923,0.5740317883139211
0.5,0.5,0.5,0.321951951951952,0.5129142909066127,0.5731774789100698
0.5,0.5,0.5,0.32293293293293296,0.5117924349846021,0.5723250744536801
0.5,0.5,0.5,0.3239139139139139,0.5106722415865839,0.5714745693260507
0.5,0.5,0.5,0.32489489489489487,0.5095537070196514,0.5706259579288925
0.5,0.5,0.5,0.32587587587587585,0.5084368276018271,0.5697792346841962
0.5,0.5,0.5,0.32685685685685684,0.5073215996620221,0.5689343940340044
0.5,0.5,0.5,0.3278378378378378,0.506208019539996,0.5680914304405718
0.5,0.5,0.5,0.3288188188188188,0.5050960835863171,0.5672503383861184
0.5,0.5,0.5,0.3297997997997998,0.5039857881623221,0.5664111123727315
0.5,0.5,0.5,0.33078078078078077,0.5028771296400767,0.565573746922362
0.5,0.5,0.5,0.33176176176176175,0.501770104402336,0.5647382365767109
0.5,0.5,0.5,0.33274274274274274,0.5006647088425054,0.5639045758971982
0.5,0.5,0.5,0.3337237237237237,0.4995609393646005,0.563072759464701
0.5,0.5,0.5,0.3347047047047047,0.49845879238320945,0.5622427818797229
0.5,0.5,0.5,0.3356856856856857,0.4973582643234533,0.5614146377620917
0.5,0.5,0.5,0.33666666666666667,0.49625935162094764,0.5605883217510579
0.5,0.5,0.5,0.33764764764764765,0.4951620507217637,0.559763828505069
0.5,0.5,0.5,0.33862862862862864,0.4940663580823905,0.5589411527017097
0.5,0.5,0.5,0.3396096096096096,0.49297227016969664,0.5581202890377868
0.5,0.5,0.5,0.3405905905905906,0.4918797834608923,0.5573012322290164
0.5,0.5,0.5,0.3415715715715716,0.49078889444349105,0.5564839770101062
0.5,0.5,0.5,0.34255255255255257,0.48969959961527276,0.5556685181345304
0.5,0.5,0.5,0.34353353353353355,0.48861189548424583,0.5548548503746737
0.5,0.5,0.5,0.34451451451451454,0.48752577856861007,0.5540429685215252
0.5,0.5,0.5,0.3454954954954955,0.4864412453967191,0.55323286738471
0.5,0.5,0.5,0.3464764764764765,0.4853582925070439,0.5524245417924277
0.5,0.5,0.5,0.34745745745745743,0.4842769164481358,0.5516179865913098
0.5,0.5,0.5,0.3484384384384384,0.48319711377858937,0.5508131966463864
0.5,0.5,0.5,0.3494194194194194,0.482118881067007,0.5500101668410114
0.5,0.5,0.5,0.3504004004004004,0.481042214891961,0.5492088920767573
0.5,0.5,0.5,0.35138138138138136,0.47996711184195917,0.5484093672733686
0.5,0.5,0.5,0.35236236236236235,0.47889356851540693,0.5476115873686614
0.5,0.5,0.5,0.35334334334334333,0.47782158152057347,0.5468155473184855
0.5,0.5,0.5,0.3543243243243243,0.47675114747555375,0.5460212420965846
0.5,0.5,0.5,0.3553053053053053,0.47568226300823524,0.5452286666946045
0.5,0.5,0.5,0.3562862862862863,0.47461492475626044,0.54443781612194
0.5,0.5,0.5,0.35726726726726726,0.47354912936699345,0.5436486854057133
0.5,0.5,0.5,0.35824824824824825,0.47248487349748314,0.54286126959068
0.5,0.5,0.5,0.35922922922922923,0.47142215381443003,0.542075563739182
0.5,0.5,0.5,0.3602102102102102,0.4703609669941494,0.5412915629310249
0.5,0.5,0.5,0.3611911911911912,0.4693013097225389,0.5405092622634662
0.5,0.5,0.5,0.3621721721721722,0.46824317869504184,0.539728656851059
0.5,0.5,0.5,0.36315315315315316,0.46718657061661495,0.538949741825673
0.5,0.5,0.5,0.36413413413413415,0.4661314822016921,0.5381725123363724
0.5,0.5,0.5,0.36511511511511513,0.4650779101741522,0.5373969635493492
0.5,0.5,0.5,0.3660960960960961,0.4640258512672836,0.5366230906478583
0.5,0.5,0.5,0.3670770770770771,0.4629753022237518,0.5358508888321881
0.5,0.5,0.5,0.3680580580580581,0.4619262597955644,0.5350803533194585
0.5,0.5,0.5,0.36903903903903906,0.4608787207440392,0.5343114793437235
0.5,0.5,0.5,0.37002002002002005,0.45983268183976905,0.5335442621557791
0.5,0.5,0.5,0.371001001001001,0.45878813986259065,0.5327786970231465
0.5,0.5,0.5,0.37198198198198196,0.45774509160154975,0.5320147792299837
0.5,0.5,0.5,0.37296296296296294,0.45670353385486917,0.5312525040770317
0.5,0.5,0.5,0.3739439439439439,0.45566346342991615,0.5304918668815422
0.5,0.5,0.5,0.3749249249249249,0.4546248771431692,0.5297328629772334
0.5,0.5,0.5,0.3759059059059059,0.45358777182018584,0.5289754877141173
0.5,0.5,0.5,0.3768868868868869,0.4525521442955704,0.528219736458568
0.5,0.5,0.5,0.37786786786786786,0.4515179914129416,0.5274656045931939
0.5,0.5,0.5,0.37884884884884884,0.4504853100249007,0.5267130875167727
0.5,0.5,0.5,0.3798298298298298,0.44945409699299943,0.525962180644199
0.5,0.5,0.5,0.3808108108108108,0.44842434918770796,0.52521287940637
0.5,0.5,0.5,0.3817917917917918,0.44739606348838384,0.5244651792501758
0.5,0.5,0.5,0.3827727727727728,0.4463692367832401,0.5237190756384329
0.5,0.5,0.5,0.38375375375375376,0.4453438659693136,0.5229745640497766
0.5,0.5,0.5,0.38473473473473474,0.4443199479524343,0.5222316399786342
0.5,0.5,0.5,0.3857157157157157,0.4432974796471939,0.5214902989351308
0.5,0.5,0.5,0.3866966966966967,0.4422764579769149,0.5207505364450539
0.5,0.5,0.5,0.3876776776776777,0.44125687987361956,0.5200123480497926
0.5,0.5,0.5,0.3886586586586587,0.4402387422779992,0.5192757293062135
0.5,0.5,0.5,0.38963963963963966,0.43922204213938404,0.5185406757866845
0.5,0.5,0.5,0.39062062062062064,0.43820677641571226,0.5178071830789314
0.5,0.5,0.5,0.3916016016016016,0.4371929420734997,0.5170752467860656
0.5,0.5,0.5,0.3925825825825826,0.4361805360878097,0.516344862526423
0.5,0.5,0.5,0.3935635635635636,0.43516955544222324,0.5156160259335655
0.5,0.5,0.5,0.3945445445445445,0.43415999712880876,0.5148887326561778
0.5,0.5,0.5,0.3955255255255255,0.43315185814809243,0.5141629783580863
0.5,0.5,0.5,0.3965065065065065,0.43214513550902794,0.5134387587180727
0.5,0.5,0.5,0.39748748748748747,0.4311398262289681,0.5127160694299447
0.5,0.5,0.5,0.39846846846846845,0.4301359273336339,0.5119949062023552
0.5,0.5,0.5,0.39944944944944943,0.42913343585708674,0.5112752647588217
0.5,0.5,0.5,0.4004304304304304,0.42813234884169743,0.5105571408376892
0.5,0.5,0.5,0.4014114114114114,0.42713266333811906,0.5098405301919234
0.5,0.5,0.5,0.4023923923923924,0.42613437640525625,0.5091254285892566
0.5,0.5,0.5,0.40337337337337337,0.4251374851102378,0.5084118318119376
0.5,0.5,0.5,0.40435435435435435,0.4241419865283866,0.5076997356568113
0.5,0.5,0.5,0.40533533533533533,0.4231478777431924,0.5069891359351976
0.5,0.5,0.5,0.4063163163163163,0.42215515584628194,0.5062800284728286
0.5,0.5,0.5,0.4072972972972973,0.42116381793739205,0.5055724091098234
0.5,0.5,0.5,0.4082782782782783,0.4201738611243398,0.5048662737005997
0.5,0.5,0.5,0.40925925925925927,0.4191852825229961,0.5041616181138177
0.5,0.5,0.5,0.41024024024024025,0.41819807925725594,0.5034584382323373
0.5,0.5,0.5,0.41122122122122123,0.4172122484590122,0.5027567299531603
0.5,0.5,0.5,0.4122022022022022,0.4162277872681263,0.5020564891873929
0.5,0.5,0.5,0.4131831831831832,0.4152446928324019,0.5013577118601107
0.5,0.5,0.5,0.4141641641641642,0.4142629623075561,0.5006603939103974
0.5,0.5,0.5,0.41514514514514517,0.41328259285719343,0.4999645312912495
0.5,0.5,0.5,0.41612612612612615,0.4123035816527768,0.49927011996947557
0.5,0.5,0.5,0.41710710710710713,0.4113259258736023,0.49857715592573515
0.5,0.5,0.5,0.41808808808808806,0.41034962270677017,0.49788563515441936
0.5,0.5,0.5,0.41906906906906904,0.40937466934715905,0.4971955536635573
0.5,0.5,0.5,0.42005005005005003,0.40840106299739887,0.4965069074748792
0.5,0.5,0.5,0.421031031031031,0.407428800867844,0.4958196926236853
0.5,0.5,0.5,0.422012012012012,0.40645788017654644,0.49513390515874456
0.5,0.5,0.5,0.422992992992993,0.4054882981492294,0.4944495411423505
0.5,0.5,0.5,0.42397397397397396,0.40452005201926117,0.4937665966502106
0.5,0.5,0.5,0.42495495495495494,0.4035531390276285,0.4930850677713731
0.5,0.5,0.5,0.4259359359359359,0.4025875564229104,0.4924049506082041
0.5,0.5,0.5,0.4269169169169169,0.4016233014612519,0.49172624127632336
0.5,0.5,0.5,0.4278978978978979,0.4006603714063387,0.49104893590456905
0.5,0.5,0.5,0.4288788788788789,0.39969876352937056,0.4903730306348983
0.5,0.5,0.5,0.42985985985985986,0.3987384751090358,0.4896985216224097
0.5,0.5,0.5,0.43084084084084084,0.3977795034314857,0.48902540503522124
0.5,0.5,0.5,0.4318218218218218,0.3968218457903089,0.4883536770544333
0.5,0.5,0.5,0.4328028028028028,0.3958654994865059,0.48768333387410534
0.5,0.5,0.5,0.4337837837837838,0.39491046182846373,0.487014371701186
0.5,0.5,0.5,0.4347647647647648,0.39395673013193055,0.48634678675546705
0.5,0.5,0.5,0.43574574574574576,0.39300430171999073,0.4856805752695196
0.5,0.5,0.5,0.43672672672672674,0.3920531739230399,0.4850157334886703
0.5,0.5,0.5,0.4377077077077077,0.3911033440787596,0.4843522576709108
0.5,0.5,0.5,0.4386886886886887,0.39015480953209253,0.4836901440868521
0.5,0.5,0.5,0.4396696696696697,0.38920756763521824,0.48302938901976505
0.5,0.5,0.5,0.4406506506506507,0.38826161574752815,0.4823699887653626
0.5,0.5,0.5,0.4416316316316316,0.38731695123560095,0.481711939631918
0.5,0.5,0.5,0.4426126126126126,0.386373571473178,0.481055237940081
0.5,0.5,0.5,0.44359359359359357,0.38543147384114,0.48039988002296063
0.5,0.5,0.5,0.44457457457457455,0.3844906557274812,0.4797458622259186
0.5,0.5,0.5,0.44555555555555554,0.3835511145272868,0.47909318090672115
0.5,0.5,0.5,0.4465365365365365,0.3826128476427073,0.4784418324352472
0.5,0.5,0.5,0.4475175175175175,0.38167585248293656,0.4777918131936476
0.5,0.5,0.5,0.4484984984984985,0.3807401264641857,0.47714311957621336
0.5,0.5,0.5,0.44947947947947947,0.37980566700966145,0.4764957479892921
0.5,0.5,0.5,0.45046046046046045,0.3788724715495407,0.4758496948513229
0.5,0.5,0.5,0.45144144144144144,0.37794053752094847,0.4752049565927331
0.5,0.5,0.5,0.4524224224224224,0.3770098623679331,0.4745615296559009
0.5,0.5,0.5,0.4534034034034034,0.3760804435414443,0.4739194104951088
0.5,0.5,0.5,0.4543843843843844,0.3751522784993082,0.4732785955764903
0.5,0.5,0.5,0.45536536536536537,0.3742253647062061,0.47263908137802785
0.5,0.5,0.5,0.45634634634634635,0.37329969963364923,0.4720008643894489
0.5,0.5,0.5,0.45732732732732734,0.372375280759958,0.47136394111217156
0.5,0.5,0.5,0.4583083083083083,0.3714521055702371,0.4707283080593494
0.5,0.5,0.5,0.4592892892892893,0.37053017155635437,0.4700939617557235
0.5,0.5,0.5,0.4602702702702703,0.3696094762169165,0.46946089873762703
0.5,0.5,0.5,0.46125125125125127,0.368690017057248,0.46882911555294576
0.5,0.5,0.5,0.46223223223223225,0.3677717915893672,0.4681986087610376
0.5,0.5,0.5,0.46321321321321324,0.36685479733196513,0.4675693749326813
0.5,0.5,0.5,0.4641941941941942,0.3659390318103819,0.4669414106501582
0.5,0.5,0.5,0.46517517517517515,0.3650244925565857,0.46631471250700085
0.5,0.5,0.5,0.46615615615615613,0.36411117710914936,0.4656892771081
0.5,0.5,0.5,0.4671371371371371,0.36319908301322945,0.4650651010696125
0.5,0.5,0.5,0.4681181181181181,0.36228820782054344,0.46444218101894086
0.5,0.5,0.5,0.4690990990990991,0.36137854908934813,0.463820513594607
0.5,0.5,0.5,0.47008008008008006,0.3604701043844179,0.4632000954463594
0.5,0.5,0.5,0.47106106106106105,0.35956287127702286,0.4625809232349666
0.5,0.5,0.5,0.47204204204204203,0.3586568473449071,0.4619629936322766
0.5,0.5,0.5,0.473023023023023,0.35775203017226737,0.46134630332117016
0.5,0.5,0.5,0.474004004004004,0.3568484173497314,0.4607308489954463
0.5,0.5,0.5,0.474984984984985,0.3559460064743368,0.46011662735983166
0.5,0.5,0.5,0.47596596596596596,0.3550447951495094,0.45950363512998127
0.5,0.5,0.5,0.47694694694694695,0.35414478098504204,0.4588918690323296
0.5,0.5,0.5,0.47792792792792793,0.35324596159707405,0.45828132580415304
0.5,0.5,0.5,0.4789089089089089,0.3523483346080694,0.45767200219345366
0.5,0.5,0.5,0.4798898898898899,0.35145189764679624,0.457063894958946
0.5,0.5,0.5,0.4808708708708709,0.3505566483483057,0.45645700087003177
0.5,0.5,0.5,0.48185185185185186,0.3496625843539115,0.45585131670674056
0.5,0.5,0.5,0.48283283283283285,0.34876970331116885,0.455246839259646
0.5,0.5,0.5,0.48381381381381383,0.347878002873854,0.45464356532993777
0.5,0.5,0.5,0.4847947947947948,0.34698748070194363,0.45404149172925584
0.5,0.5,0.5,0.4857757757757758,0.3460981344615944,0.4534406152797184
0.5,0.5,0.5,0.4867567567567568,0.3452099618251227,0.4528409328139045
0.5,0.5,0.5,0.48773773773773776,0.34432296047098404,0.45224244117474177
0.5,0.5,0.5,0.4887187187187187,0.343437128083753,0.45164513721545585
0.5,0.5,0.5,0.4896996996996997,0.3425524623541033,0.4510490177997004
0.5,0.5,0.5,0.49068068068068066,0.3416689609787871,0.45045407980126
0.5,0.5,0.5,0.49166166166166164,0.34078662166061596,0.44986032010426447
0.5,0.5,0.5,0.4926426426426426,0.33990544210843976,0.44926773560294286
0.5,0.5,0.5,0.4936236236236236,0.3390254200371282,0.4486763232016747
0.5,0.5,0.5,0.4946046046046046,0.33814655316754955,0.4480860798149987
0.5,0.5,0.5,0.4955855855855856,0.33726883922655265,0.44749700236749096
0.5,0.5,0.5,0.49656656656656656,0.3363922759469456,0.4469090877937416
0.5,0.5,0.5,0.49754754754754754,0.33551686106747775,0.44632233303836377
0.5,0.5,0.5,0.4985285285285285,0.33464259233281896,0.4457367350558857
0.5,0.5,0.5,0.4995095095095095,0.33376946749354147,0.44515229081079455
0.5,0.5,0.5,0.5004904904904904,0.33289748430609944,0.444568997277427
0.5,0.5,0.5,0.5014714714714714,0.3320266405328107,0.4439868514399357
0.5,0.5,0.5,0.5024524524524524,0.33115693394183693,0.4434058502923351
0.5,0.5,0.5,0.5034334334334334,0.3302883623071648,0.4428259908383192
0.5,0.5,0.5,0.5044144144144144,0.32942092340858736,0.4422472700913907
0.5,0.5,0.5,0.5053953953953954,0.32855461503168454,0.4416696850746954
0.5,0.5,0.5,0.5063763763763763,0.32768943496780456,0.4410932328210318
0.5,0.5,0.5,0.5073573573573573,0.32682538101404524,0.4405179103728177
0.5,0.5,0.5,0.5083383383383383,0.32596245097323523,0.4399437147820691
0.5,0.5,0.5,0.5093193193193193,0.3251006426539153,0.4393706431102812
0.5,0.5,0.5,0.5103003003003003,0.32423995387031995,0.4387986924285352
0.5,0.5,0.5,0.5112812812812813,0.3233803824423588,0.4382278598173196
0.5,0.5,0.5,0.5122622622622622,0.3225219261955982,0.4376581423665577
0.5,0.5,0.5,0.5132432432432432,0.3216645829612431,0.4370895371756426
0.5,0.5,0.5,0.5142242242242242,0.3208083505761184,0.4365220413532166
0.5,0.5,0.5,0.5152052052052052,0.31995322688265104,0.4359556520173142
0.5,0.5,0.5,0.5161861861861862,0.3190992097288518,0.4353903662952456
0.5,0.5,0.5,0.5171671671671672,0.3182462969682974,0.4348261813235675
0.5,0.5,0.5,0.5181481481481481,0.31739448646011226,0.434263094248078
0.5,0.5,0.5,0.5191291291291291,0.3165437760689505,0.4337011022237157
0.5,0.5,0.5,0.5201101101101101,0.31569416366497866,0.4331402024146056
0.5,0.5,0.5,0.5210910910910911,0.31484564712385743,0.43258039199398934
0.5,0.5,0.5,0.5220720720720721,0.3139982243267239,0.43202166814416165
0.5,0.5,0.5,0.523053053053053,0.3131518931601743,0.43146402805645306
0.5,0.5,0.5,0.524034034034034,0.31230665151624615,0.4309074689312381
0.5,0.5,0.5,0.525015015015015,0.311462497292401,0.43035198797785085
0.5,0.5,0.5,0.525995995995996,0.3106194283915066,0.4297975824145585
0.5,0.5,0.5,0.526976976976977,0.3097774427218198,0.4292442494685748
0.5,0.5,0.5,0.527957957957958,0.30893653819696937,0.42869198637593814
0.5,0.5,0.5,0.528938938938939,0.3080967127359386,0.42814079038153036
0.5,0.5,0.5,0.5299199199199199,0.3072579642630481,0.42759065873910684
0.5,0.5,0.5,0.5309009009009009,0.3064202907079385,0.42704158871111636
0.5,0.5,0.5,0.5318818818818819,0.30558369000555424,0.4264935775687876
0.5,0.5,0.5,0.5328628628628629,0.3047481600961256,0.4259466225920528
0.5,0.5,0.5,0.5338438438438439,0.30391369892515224,0.42540072106953336
0.5,0.5,0.5,0.5348248248248249,0.3030803044433864,0.4248558702984702
0.5,0.5,0.5,0.5358058058058058,0.30224797460681624,0.4243120675847202
0.5,0.5,0.5,0.5367867867867868,0.3014167073766487,0.4237693102426955
0.5,0.5,0.5,0.5377677677677678,0.3005865007192933,0.4232275955954268
0.5,0.5,0.5,0.5387487487487488,0.29975735260634523,0.4226869209743792
0.5,0.5,0.5,0.5397297297297298,0.298929261014569,0.4221472837195365
0.5,0.5,0.5,0.5407107107107108,0.2981022239258821,0.4216086811793245
0.5,0.5,0.5,0.5416916916916917,0.2972762393273382,0.42107111071059855
0.5,0.5,0.5,0.5426726726726727,0.2964513052111113,0.42053456967856573
0.5,0.5,0.5,0.5436536536536537,0.2956274195744791,0.4199990554568045
0.5,0.5,0.5,0.5446346346346347,0.29480458041980695,0.419464565427256
0.5,0.5,0.5,0.5456156156156157,0.29398278575453185,0.41893109698009173
0.5,0.5,0.5,0.5465965965965967,0.2931620335911459,0.41839864751377775
0.5,0.5,0.5,0.5475775775775775,0.2923423219471809,0.41786721443500446
0.5,0.5,0.5,0.5485585585585585,0.2915236488451918,0.4173367951586688
0.5,0.5,0.5,0.5495395395395395,0.29070601231274107,0.4168073871078044
0.5,0.5,0.5,0.5505205205205205,0.28988941038238314,0.4162789877136198
0.5,0.5,0.5,0.5515015015015015,0.28907384109164813,0.41575159441543486
0.5,0.5,0.5,0.5524824824824824,0.2882593024830264,0.4152252046605866
0.5,0.5,0.5,0.5534634634634634,0.2874457926039526,0.41469981590454924
0.5,0.5,0.5,0.5544444444444444,0.28663330950679056,0.4141754256107421
0.5,0.5,0.5,0.5554254254254254,0.2858218512488175,0.41365203125057687
0.5,0.5,0.5,0.5564064064064064,0.2850114158922083,0.4131296303034788
0.5,0.5,0.5,0.5573873873873874,0.28420200150402036,0.4126082202567487
0.5,0.5,0.5,0.5583683683683683,0.28339360615617837,0.4120877986055893
0.5,0.5,0.5,0.5593493493493493,0.2825862279254585,0.41156836285310405
0.5,0.5,0.5,0.5603303303303303,0.28177986489347373,0.4110499105101947
0.5,0.5,0.5,0.5613113113113113,0.2809745151466581,0.4105324390956159
0.5,0.5,0.5,0.5622922922922923,0.2801701767762521,0.4100159461358636
0.5,0.5,0.5,0.5632732732732733,0.27936684787828725,0.40950042916520735
0.5,0.5,0.5,0.5642542542542542,0.2785645265535711,0.40898588572564804
0.5,0.5,0.5,0.5652352352352352,0.27776321090767236,0.40847231336685697
0.5,0.5,0.5,0.5662162162162162,0.27696289905090593,0.40795970964619854
0.5,0.5,0.5,0.5671971971971972,0.27616358909831823,0.4074480721286752
0.5,0.5,0.5,0.5681781781781782,0.27536527916967213,0.40693739838686377
0.5,0.5,0.5,0.5691591591591592,0.2745679673894322,0.40642768600095813
0.5,0.5,0.5,0.5701401401401401,0.27377165188675034,0.40591893255867967
0.5,0.5,0.5,0.5711211211211211,0.2729763307954509,0.40541113565530856
0.5,0.5,0.5,0.5721021021021021,0.2721820022540162,0.4049042928936093
0.5,0.5,0.5,0.5730830830830831,0.2713886644055717,0.4043984018837852
0.5,0.5,0.5,0.5740640640640641,0.27059631539787216,0.4038934602435306
0.5,0.5,0.5,0.5750450450450451,0.26980495338328664,0.40338946559794125
0.5,0.5,0.5,0.576026026026026,0.26901457651878435,0.40288641557947275
0.5,0.5,0.5,0.577007007007007,0.2682251829659204,0.4023843078279644
0.5,0.5,0.5,0.577987987987988,0.2674367708908215,0.40188313999058783
0.5,0.5,0.5,0.578968968968969,0.2666493384641718,0.4013829097218319
0.5,0.5,0.5,0.57994994994995,0.2658628838611986,0.4008836146834523
0.5,0.5,0.5,0.580930930930931,0.26507740526165824,0.40038525254444757
0.5,0.5,0.5,0.5819119119119119,0.2642929008498225,0.3998878209810333
0.5,0.5,0.5,0.5828928928928929,0.2635093688144639,0.39939131767669234
0.5,0.5,0.5,0.5838738738738739,0.2627268073488425,0.3988957403220142
0.5,0.5,0.5,0.5848548548548549,0.26194521465069126,0.398401086614735
0.5,0.5,0.5,0.5858358358358359,0.2611645889222029,0.39790735425974
0.5,0.5,0.5,0.5868168168168169,0.2603849283700157,0.3974145409690426
0.5,0.5,0.5,0.5877977977977978,0.2596062312051998,0.3969226444616106
0.5,0.5,0.5,0.5887787787787788,0.2588284956432437,0.3964316624635826
0.5,0.5,0.5,0.5897597597597598,0.25805171990404047,0.39594159270803486
0.5,0.5,0.5,0.5907407407407408,0.25727590221187424,0.3954524329350592
0.5,0.5,0.5,0.5917217217217218,0.25650104079540664,0.39496418089169866
0.5,0.5,0.5,0.5927027027027028,0.25572713388766327,0.39447683433197944
0.5,0.5,0.5,0.5936836836836837,0.25495417972602047,0.3939903910167958
0.5,0.5,0.5,0.5946646646646646,0.2541821765521917,0.3935048487139351
0.5,0.5,0.5,0.5956456456456456,0.2534111226122142,0.3930202051981089
0.5,0.5,0.5,0.5966266266266266,0.25264101615643597,0.3925364582507724
0.5,0.5,0.5,0.5976076076076076,0.2518718554395023,0.392053605660284
0.5,0.5,0.5,0.5985885885885885,0.2511036387203427,0.39157164522171883
0.5,0.5,0.5,0.5995695695695695,0.25033636426215766,0.39109057473696957
0.5,0.5,0.5,0.6005505505505505,0.24957003033240566,0.3906103920146682
0.5,0.5,0.5,0.6015315315315315,0.24880463520279014,0.3901310948701054
0.5,0.5,0.5,0.6025125125125125,0.24804017714924642,0.389652681125341
0.5,0.5,0.5,0.6034934934934935,0.24727665445192867,0.3891751486090395
0.5,0.5,0.5,0.6044744744744744,0.24651406539519738,0.3886984951565481
0.5,0.5,0.5,0.6054554554554554,0.24575240826760608,0.38822271860981067
0.5,0.5,0.5,0.6064364364364364,0.24499168136188884,0.38774781681737486
0.5,0.5,0.5,0.6074174174174174,0.24423188297494725,0.3872737876343668
0.5,0.5,0.5,0.6083983983983984,0.24347301140783797,0.38680062892243194
0.5,0.5,0.5,0.6093793793793794,0.24271506496576004,0.38632833854977916
0.5,0.5,0.5,0.6103603603603603,0.241958041958042,0.38585691439107994
0.5,0.5,0.5,0.6113413413413413,0.2412019406981295,0.3853863543275054
0.5,0.5,0.5,0.6123223223223223,0.24044675950357294,0.3849166562466674
0.5,0.5,0.5,0.6133033033033033,0.23969249669601475,0.3844478180426307
0.5,0.5,0.5,0.6142842842842843,0.23893915060117696,0.3839798376158104
0.5,0.5,0.5,0.6152652652652653,0.23818671954884887,0.3835127128730834
0.5,0.5,0.5,0.6162462462462462,0.2374352018728749,0.3830464417276095
0.5,0.5,0.5,0.6172272272272272,0.2366845959111419,0.3825810220989458
0.5,0.5,0.5,0.6182082082082082,0.2359349000055673,0.3821164519129293
0.5,0.5,0.5,0.6191891891891892,0.23518611250208646,0.381652729101708
0.5,0.5,0.5,0.6201701701701702,0.234438231750641,0.38118985160367647
0.5,0.5,0.5,0.6211511511511512,0.2336912561051663,0.38072781736350214
0.5,0.5,0.5,0.6221321321321321,0.23294518392357963,0.3802666243320383
0.5,0.5,0.5,0.6231131131131131,0.2322000135677679,0.37980627046639603
0.5,0.5,0.5,0.6240940940940941,0.231455743403576,0.37934675372982646
0.5,0.5,0.5,0.6250750750750751,0.2307123718007946,0.3788880720917307
0.5,0.5,0.5,0.6260560560560561,0.22996989713314825,0.3784302235276649
0.5,0.5,0.5,0.6270370370370371,0.22922831777828362,0.3779732060193095
0.5,0.5,0.5,0.628018018018018,0.2284876321177577,0.3775170175543877
0.5,0.5,0.5,0.628998998998999,0.227747838537026,0.3770616561267579
0.5,0.5,0.5,0.62997997997998,0.22700893542543063,0.37660711973626526
0.5,0.5,0.5,0.630960960960961,0.22627092117618897,0.3761534063888174
0.5,0.5,0.5,0.631941941941942,0.2255337941863817,0.3757005140963092
0.5,0.5,0.5,0.632922922922923,0.22479755285694142,0.3752484408766479
0.5,0.5,0.5,0.6339039039039039,0.2240621955926409,0.3747971847536556
0.5,0.5,0.5,0.6348848848848849,0.22332772080208171,0.374346743757116
0.5,0.5,0.5,0.6358658658658659,0.22259412689768265,0.37389711592275027
0.5,0.5,0.5,0.6368468468468469,0.22186141229566841,0.37344829929214274
0.5,0.5,0.5,0.6378278278278279,0.22112957541605802,0.37300029191277817
0.5,0.5,0.5,0.6388088088088089,0.22039861468265357,0.37255309183801033
0.5,0.5,0.5,0.6397897897897898,0.21966852852302898,0.3721066971269835
0.5,0.5,0.5,0.6407707707707708,0.21893931536851863,0.37166110584468626
0.5,0.5,0.5,0.6417517517517517,0.21821097365420616,0.3712163160618971
0.5,0.5,0.5,0.6427327327327327,0.21748350181891307,0.3707723258551772
0.5,0.5,0.5,0.6437137137137137,0.216756898305188,0.37032913330681677
0.5,0.5,0.5,0.6446946946946946,0.21603116155929528,0.36988673650483567
0.5,0.5,0.5,0.6456756756756756,0.21530629003120386,0.36944513354301056
0.5,0.5,0.5,0.6466566566566566,0.21458228217457645,0.36900432252075627
0.5,0.5,0.5,0.6476376376376376,0.21385913644675852,0.3685643015431933
0.5,0.5,0.5,0.6486186186186186,0.21313685130876706,0.36812506872104866
0.5,0.5,0.5,0.6495995995995996,0.21241542522527992,0.36768662217075465
0.5,0.5,0.5,0.6505805805805805,0.21169485666462495,0.3672489600142999
0.5,0.5,0.5,0.6515615615615615,0.21097514409876905,0.366812080379244
0.5,0.5,0.5,0.6525425425425425,0.21025628600330734,0.36637598139879135
0.5,0.5,0.5,0.6535235235235235,0.2095382808574525,0.3659406612116196
0.5,0.5,0.5,0.6545045045045045,0.20882112714402395,0.36550611796199656
0.5,0.5,0.5,0.6554854854854855,0.2081048233494374,0.3650723497996605
0.5,0.5,0.5,0.6564664664664664,0.20738936796369375,0.36463935487988525
0.5,0.5,0.5,0.6574474474474474,0.2066747594803689,0.36420713136339355
0.5,0.5,0.5,0.6584284284284284,0.20596099639660304,0.3637756774163384
0.5,0.5,0.5,0.6594094094094094,0.20524807721309005,0.36334499121035313
0.5,0.5,0.5,0.6603903903903904,0.20453600043406706,0.36291507092246367
0.5,0.5,0.5,0.6613713713713714,0.20382476456730395,0.362485914735081
0.5,0.5,0.5,0.6623523523523523,0.20311436812409298,0.3620575208360453
0.5,0.5,0.5,0.6633333333333333,0.20240480961923848,0.3616298874184751
0.5,0.5,0.5,0.6643143143143143,0.20169608757104623,0.3612030126808922
0.5,0.5,0.5,0.6652952952952953,0.20098820050131339,0.3607768948271243
0.5,0.5,0.5,0.6662762762762763,0.20028114693531818,0.36035153206627846
0.5,0.5,0.5,0.6672572572572573,0.19957492540180957,0.35992692261279496
0.5,0.5,0.5,0.6682382382382382,0.19886953443299712,0.35950306468630866
0.5,0.5,0.5,0.6692192192192192,0.1981649725645408,0.359079956511772
0.5,0.5,0.5,0.6702002002002002,0.19746123833554086,0.35865759631931665
0.5,0.5,0.5,0.6711811811811812,0.19675833028852777,0.35823598234431325
0.5,0.5,0.5,0.6721621621621622,0.19605624696945206,0.3578151128273111
0.5,0.5,0.5,0.6731431431431432,0.19535498692767442,0.3573949860140399
0.5,0.5,0.5,0.6741241241241241,0.1946545487159556,0.3569756001553616
0.5,0.5,0.5,0.6751051051051051,0.19395493089044655,0.35655695350730876
0.5,0.5,0.5,0.6760860860860861,0.19325613201067837,0.3561390443310202
0.5,0.5,0.5,0.6770670670670671,0.19255815063955256,0.35572187089274226
0.5,0.5,0.5,0.6780480480480481,0.1918609853433311,0.35530543146378013
0.5,0.5,0.5,0.6790290290290291,0.19116463469162664,0.354889724320526
0.5,0.5,0.5,0.68001001001001,0.19046909725739275,0.35447474774442683
0.5,0.5,0.5,0.680990990990991,0.18977437161691407,0.354060500021948
0.5,0.5,0.5,0.681971971971972,0.18908045634979673,0.35364697944457474
0.5,0.5,0.5,0.682952952952953,0.18838735003895862,0.3532341843087739
0.5,0.5,0.5,0.683933933933934,0.1876950512706197,0.35282211291601556
0.5,0.5,0.5,0.684914914914915,0.18700355863429236,0.3524107635727112
0.5,0.5,0.5,0.685895895895896,0.18631287072277206,0.3520001345902206
0.5,0.5,0.5,0.6868768768768769,0.1856229861321275,0.3515902242848372
0.5,0.5,0.5,0.6878578578578579,0.18493390346169125,0.35118103097775283
0.5,0.5,0.5,0.6888388388388388,0.18424562131405034,0.35077255299505666
0.5,0.5,0.5,0.6898198198198198,0.18355813829503656,0.3503647886677118
0.5,0.5,0.5,0.6908008008008008,0.18287145301371732,0.34995773633155625
0.5,0.5,0.5,0.6917817817817817,0.18218556408238618,0.3495513943272404
0.5,0.5,0.5,0.6927627627627627,0.18150047011655343,0.34914576100027733
0.5,0.5,0.5,0.6937437437437437,0.18081616973493694,0.3487408347009428
0.5,0.5,0.5,0.6947247247247247,0.18013266155945262,0.3483366137843492
0.5,0.5,0.5,0.6957057057057057,0.17944994421520535,0.34793309661034133
0.5,0.5,0.5,0.6966866866866867,0.17876801633047984,0.34753028154355486
0.5,0.5,0.5,0.6976676676676676,0.17808687653673122,0.3471281669533789
0.5,0.5,0.5,0.6986486486486486,0.177406523468576,0.34672675121385527
0.5,0.5,0.5,0.6996296296296296,0.17672695576378297,0.34632603270382634
0.5,0.5,0.5,0.7006106106106106,0.1760481720632641,0.3459260098067847
0.5,0.5,0.5,0.7015915915915916,0.17537017101106545,0.34552668091089206
0.5,0.5,0.5,0.7025725725725726,0.1746929512543581,0.34512804440898853
0.5,0.5,0.5,0.7035535535535535,0.17401651144342922,0.3447300986985412
0.5,0.5,0.5,0.7045345345345345,0.17334085023167314,0.34433284218168186
0.5,0.5,0.5,0.7055155155155155,0.1726659662755824,0.3439362732651091
0.5,0.5,0.5,0.7064964964964965,0.17199185823473861,0.3435403903601425
0.5,0.5,0.5,0.7074774774774775,0.17131852477180395,0.3431451918827027
0.5,0.5,0.5,0.7084584584584585,0.17064596455251207,0.34275067625321054
0.5,0.5,0.5,0.7094394394394394,0.16997417624565944,0.3423568418967244
0.5,0.5,0.5,0.7104204204204204,0.16930315852309638,0.34196368724276915
0.5,0.5,0.5,0.7114014014014014,0.16863291005971842,0.34157121072542107
0.5,0.5,0.5,0.7123823823823824,0.16796342953345764,0.34117941078323893
0.5,0.5,0.5,0.7133633633633634,0.16729471562527384,0.34078828585928755
0.5,0.5,0.5,0.7143443443443444,0.166626767019146,0.3403978344011044
0.5,0.5,0.5,0.7153253253253253,0.16595958240206346,0.3400080548606738
0.5,0.5,0.5,0.7163063063063063,0.16529316046401762,0.3396189456944125
0.5,0.5,0.5,0.7172872872872873,0.16462749989799308,0.33923050536319604
0.5,0.5,0.5,0.7182682682682683,0.16396259939995922,0.33884273233227724
0.5,0.5,0.5,0.7192492492492493,0.16329845766886167,0.3384556250713157
0.5,0.5,0.5,0.7202302302302303,0.16263507340661384,0.3380691820543825
0.5,0.5,0.5,0.7212112112112112,0.1619724453180885,0.3376834017598538
0.5,0.5,0.5,0.7221921921921922,0.16131057211110916,0.337298282670515
0.5,0.5,0.5,0.7231731731731732,0.16064945249644194,0.3369138232734605
0.5,0.5,0.5,0.7241541541541542,0.15998908518778698,0.3365300220601186
0.5,0.5,0.5,0.7251351351351352,0.1593294689017703,0.33614687752620576
0.5,0.5,0.5,0.7261161161161162,0.15867060235793526,0.3357643881717592
0.5,0.5,0.5,0.7270970970970971,0.1580124842787344,0.33538255250105997
0.5,0.5,0.5,0.7280780780780781,0.1573551133895212,0.33500136902269295
0.5,0.5,0.5,0.7290590590590591,0.1566984884185419,0.33462083624944217
0.5,0.5,0.5,0.7300400400400401,0.15604260809692705,0.3342409526983823
0.5,0.5,0.5,0.7310210210210211,0.1553874711586836,0.33386171689076966
0.5,0.5,0.5,0.732002002002002,0.15473307634068667,0.3334831273520622
0.5,0.5,0.5,0.732982982982983,0.15407942238267144,0.33310518261193767
0.5,0.5,0.5,0.733963963963964,0.153426508027225,0.332727881204238
0.5,0.5,0.5,0.734944944944945,0.1527743320197783,0.3323512216669707
0.5,0.5,0.5,0.7359259259259259,0.15212289310859828,0.3319752025422696
0.5,0.5,0.5,0.7369069069069069,0.15147219004477952,0.3315998223764413
0.5,0.5,0.5,0.7378878878878878,0.1508222215822366,0.33122507971989573
0.5,0.5,0.5,0.7388688688688688,0.150172986477696,0.3308509731271425
0.5,0.5,0.5,0.7398498498498498,0.1495244834906882,0.33047750115677843
0.5,0.5,0.5,0.7408308308308308,0.1488767113835397,0.3301046623715201
0.5,0.5,0.5,0.7418118118118118,0.14822966892136527,0.3297324553381065
0.5,0.5,0.5,0.7427927927927928,0.14758335487205998,0.32936087862734076
0.5,0.5,0.5,0.7437737737737737,0.14693776800629155,0.3289899308140689
0.5,0.5,0.5,0.7447547547547547,0.1462929070974923,0.32861961047717375
0.5,0.5,0.5,0.7457357357357357,0.14564877092185163,0.32824991619951716
0.5,0.5,0.5,0.7467167167167167,0.14500535825830818,0.3278808465680004
0.5,0.5,0.5,0.7476976976976977,0.14436266788854207,0.32751240017345423
0.5,0.5,0.5,0.7486786786786787,0.1437206985969673,0.32714457561072596
0.5,0.5,0.5,0.7496596596596596,0.1430794491707239,0.3267773714786148
0.5,0.5,0.5,0.7506406406406406,0.14243891839967066,0.3264107863798465
0.5,0.5,0.5,0.7516216216216216,0.1417991050763771,0.3260448189210813
0.5,0.5,0.5,0.7526026026026026,0.1411600079961162,0.3256794677129164
0.5,0.5,0.5,0.7535835835835836,0.14052162595685655,0.3253147313698172
0.5,0.5,0.5,0.7545645645645646,0.13988395775925513,0.32495060851016805
0.5,0.5,0.5,0.7555455455455455,0.1392470022066496,0.32458709775624334
0.5,0.5,0.5,0.7565265265265265,0.13861075810505083,0.32422419773414085
0.5,0.5,0.5,0.7575075075075075,0.1379752242631354,0.32386190707385687
0.5,0.5,0.5,0.7584884884884885,0.13734039949223842,0.3235002244091764
0.5,0.5,0.5,0.7594694694694695,0.13670628260634576,0.32313914837776503
0.5,0.5,0.5,0.7604504504504505,0.1360728724220869,0.32277867762107243
0.5,0.5,0.5,0.7614314314314314,0.1354401677587275,0.3224188107843452
0.5,0.5,0.5,0.7624124124124124,0.13480816743816204,0.3220595465166305
0.5,0.5,0.5,0.7633933933933934,0.13417687028490657,0.32170088347075815
0.5,0.5,0.5,0.7643743743743744,0.1335462751260914,0.32134282030328404
0.5,0.5,0.5,0.7653553553553554,0.1329163807914538,0.32098535567456765
0.5,0.5,0.5,0.7663363363363364,0.1322871861133307,0.32062848824866746
0.5,0.5,0.5,0.7673173173173173,0.13165868992665175,0.32027221669338585
0.5,0.5,0.5,0.7682982982982983,0.13103089106893173,0.319916539680222
0.5,0.5,0.5,0.7692792792792793,0.13040378838026376,0.31956145588439056
0.5,0.5,0.5,0.7702602602602603,0.12977738070331185,0.31920696398481124
0.5,0.5,0.5,0.7712412412412413,0.129151666883304,0.31885306266402086
0.5,0.5,0.5,0.7722222222222223,0.12852664576802506,0.3184997506083
0.5,0.5,0.5,0.7732032032032032,0.12790231620780948,0.31814702650750587
0.5,0.5,0.5,0.7741841841841842,0.12727867705553453,0.31779488905519376
0.5,0.5,0.5,0.7751651651651652,0.12665572716661308,0.31744333694851296
0.5,0.5,0.5,0.7761461461461462,0.12603346539898666,0.31709236888824055
0.5,0.5,0.5,0.7771271271271272,0.1254118906131185,0.31674198357875183
0.5,0.5,0.5,0.7781081081081082,0.12479100167198659,0.3163921797280246
0.5,0.5,0.5,0.7790890890890891,0.12417079744107665,0.3160429560475974
0.5,0.5,0.5,0.7800700700700701,0.12355127678837532,0.3156943112526032
0.5,0.5,0.5,0.7810510510510511,0.12293243858436322,0.31534624406169215
0.5,0.5,0.5,0.7820320320320321,0.1223142817020081,0.31499875319710835
0.5,0.5,0.5,0.783013013013013,0.12169680501675813,0.3146518373846058
0.5,0.5,0.5,0.7839939939939939,0.12108000740653461,0.3143054953534311
0.5,0.5,0.5,0.7849749749749749,0.12046388775172587,0.31395972583638515
0.5,0.5,0.5,0.7859559559559559,0.11984844493517997,0.3136145275697409
0.5,0.5,0.5,0.7869369369369369,0.11923367784219817,0.3132698992932703
0.5,0.5,0.5,0.7879179179179179,0.1186195853605281,0.3129258397502084
0.5,0.5,0.5,0.7888988988988989,0.11800616638035713,0.3125823476872724
0.5,0.5,0.5,0.7898798798798798,0.11739341979430568,0.3122394218546138
0.5,0.5,0.5,0.7908608608608608,0.11678134449742048,0.31189706100580816
0.5,0.5,0.5,0.7918418418418418,0.11616993938716798,0.31155526389792326
0.5,0.5,0.5,0.7928228228228228,0.11555920336342776,0.311214029291364
0.5,0.5,0.5,0.7938038038038038,0.11494913532848591,0.3108733559500054
0.5,0.5,0.5,0.7947847847847848,0.11433973418702839,0.3105332426410899
0.5,0.5,0.5,0.7957657657657657,0.11373099884613457,0.310193688135241
0.5,0.5,0.5,0.7967467467467467,0.11312292821527063,0.30985469120647474
0.5,0.5,0.5,0.7977277277277277,0.11251552120628311,0.3095162506321576
0.5,0.5,0.5,0.7987087087087087,0.11190877673339233,0.30917836519300224
0.5,0.5,0.5,0.7996896896896897,0.11130269371318602,0.30884103367306953
0.5,0.5,0.5,0.8006706706706707,0.11069727106461279,0.30850425485975863
0.5,0.5,0.5,0.8016516516516516,0.11009250770897576,0.30816802754375355
0.5,0.5,0.5,0.8026326326326326,0.1094884025699261,0.30783235051909097
0.5,0.5,0.5,0.8036136136136136,0.10888495457345669,0.30749722258305967
0.5,0.5,0.5,0.8045945945945946,0.10828216264789575,0.3071626425362794
0.5,0.5,0.5,0.8055755755755756,0.1076800257239005,0.30682860918262655
0.5,0.5,0.5,0.8065565565565566,0.10707854273445076,0.3064951213292124
0.5,0.5,0.5,0.8075375375375375,0.10647771261484275,0.3061621777864498
0.5,0.5,0.5,0.8085185185185185,0.10587753430268276,0.3058297773679619
0.5,0.5,0.5,0.8094994994994995,0.10527800673788093,0.30549791889061895
0.5,0.5,0.5,0.8104804804804805,0.10467912886264492,0.30516660117451094
0.5,0.5,0.5,0.8114614614614615,0.10408089962147375,0.3048358230429485
0.5,0.5,0.5,0.8124424424424425,0.10348331796115162,0.30450558332242034
0.5,0.5,0.5,0.8134234234234234,0.10288638283074171,0.3041758808426369
0.5,0.5,0.5,0.8144044044044044,0.10229009318157994,0.3038467144364561
0.5,0.5,0.5,0.8153853853853854,0.10169444796726897,0.3035180829399332
0.5,0.5,0.5,0.8163663663663664,0.10109944614367196,0.30318998519225987
0.5,0.5,0.5,0.8173473473473474,0.10050508666890659,0.30286242003580144
0.5,0.5,0.5,0.8183283283283284,0.0999113685033388,0.30253538631605187
0.5,0.5,0.5,0.8193093093093093,0.09931829060957692,0.3022088828816371
0.5,0.5,0.5,0.8202902902902903,0.09872585195246551,0.3018829085842827
0.5,0.5,0.5,0.8212712712712713,0.09813405149907937,0.3015574622788593
0.5,0.5,0.5,0.8222522522522523,0.09754288821871754,0.3012325428233079
0.5,0.5,0.5,0.8232332332332333,0.09695236108289729,0.3009081490786566
0.5,0.5,0.5,0.8242142142142143,0.09636246906534822,0.3005842799090349
0.5,0.5,0.5,0.8251951951951952,0.09577321114200625,0.3002609341816334
0.5,0.5,0.5,0.8261761761761762,0.09518458629100773,0.2999381107667
0.5,0.5,0.5,0.8271571571571572,0.09459659349268348,0.29961580853750597
0.5,0.5,0.5,0.8281381381381382,0.094009231729553,0.2992940263704111
0.5,0.5,0.5,0.8291191191191192,0.0934224999863185,0.2989727631447686
0.5,0.5,0.5,0.8301001001001,0.09283639724985919,0.2986520177429631
0.5,0.5,0.5,0.831081081081081,0.09225092250922512,0.29833178905039115
0.5,0.5,0.5,0.832062062062062,0.09166607475563184,0.29801207595544194
0.5,0.5,0.5,0.833043043043043,0.09108185298245426,0.29769287734949523
0.5,0.5,0.5,0.834024024024024,0.09049825618522099,0.29737419212692706
0.5,0.5,0.5,0.835005005005005,0.0899152833616086,0.2970560191850676
0.5,0.5,0.5,0.835985985985986,0.08933293351143584,0.2967383574242209
0.5,0.5,0.5,0.8369669669669669,0.08875120563665792,0.29642120574763264
0.5,0.5,0.5,0.8379479479479479,0.08817009874136084,0.296104563061498
0.5,0.5,0.5,0.8389289289289289,0.08758961183175568,0.2957884282749523
0.5,0.5,0.5,0.8399099099099099,0.08700974391617296,0.29547280030003864
0.5,0.5,0.5,0.8408908908908909,0.08643049400505698,0.29515767805172866
0.5,0.5,0.5,0.8418718718718718,0.08585186111096016,0.2948430604478832
0.5,0.5,0.5,0.8428528528528528,0.0852738442485375,0.2945289464092776
0.5,0.5,0.5,0.8438338338338338,0.08469644243454091,0.29421533485957146
0.5,0.5,0.5,0.8448148148148148,0.08411965468781371,0.29390222472529237
0.5,0.5,0.5,0.8457957957957958,0.08354348002928497,0.29358961493582614
0.5,0.5,0.5,0.8467767767767768,0.08296791748196408,0.29327750442345374
0.5,0.5,0.5,0.8477577577577577,0.08239296607093521,0.29296589212327745
0.5,0.5,0.5,0.8487387387387387,0.0818186248233517,0.29265477697324466
0.5,0.5,0.5,0.8497197197197197,0.08124489276843068,0.292344157914138
0.5,0.5,0.5,0.8507007007007007,0.0806717689374476,0.29203403388955035
0.5,0.5,0.5,0.8516816816816817,0.08009925236373072,0.2917244038459212
0.5,0.5,0.5,0.8526626626626627,0.0795273420826557,0.29141526673246393
0.5,0.5,0.5,0.8536436436436436,0.07895603713164019,0.29110662150120536
0.5,0.5,0.5,0.8546246246246246,0.07838533655013843,0.290798467106927
0.5,0.5,0.5,0.8556056056056056,0.07781523937963587,0.2904908025072365
0.5,0.5,0.5,0.8565865865865866,0.07724574466364377,0.29018362666247177
0.5,0.5,0.5,0.8575675675675676,0.07667685144769387,0.2898769385357718
0.5,0.5,0.5,0.8585485485485486,0.0761085587793331,0.28957073709297515
0.5,0.5,0.5,0.8595295295295295,0.07554086570811823,0.2892650213027042
0.5,0.5,0.5,0.8605105105105105,0.07497377128561052,0.28895979013629636
0.5,0.5,0.5,0.8614914914914915,0.07440727456537052,0.2886550425678181
0.5,0.5,0.5,0.8624724724724725,0.07384137460295277,0.2883507775740543
0.5,0.5,0.5,0.8634534534534535,0.07327607045590058,0.2880469941345054
0.5,0.5,0.5,0.8644344344344345,0.07271136118374073,0.2877436912313631
0.5,0.5,0.5,0.8654154154154154,0.0721472458479783,0.2874408678495049
0.5,0.5,0.5,0.8663963963963964,0.0715837235120915,0.28713852297650283
0.5,0.5,0.5,0.8673773773773774,0.07102079324152642,0.28683665560259625
0.5,0.5,0.5,0.8683583583583584,0.07045845410369193,0.28653526472068463
0.5,0.5,0.5,0.8693393393393394,0.06989670516795449,0.2862343493263482
0.5,0.5,0.5,0.8703203203203204,0.06933554550563298,0.285933908417796
0.5,0.5,0.5,0.8713013013013013,0.06877497418999372,0.28563394099586503
0.5,0.5,0.5,0.8722822822822823,0.06821499029624518,0.2853344460640611
0.5,0.5,0.5,0.8732632632632633,0.06765559290153306,0.28503542262847703
0.5,0.5,0.5,0.8742442442442443,0.06709678108493511,0.2847368696978468
0.5,0.5,0.5,0.8752252252252253,0.06653855392745613,0.2844387862835039
0.5,0.5,0.5,0.8762062062062062,0.065980910512023,0.2841411713993769
0.5,0.5,0.5,0.8771871871871871,0.06542384992347934,0.28384402406198056
0.5,0.5,0.5,0.8781681681681681,0.06486737124858101,0.2835473432904491
0.5,0.5,0.5,0.8791491491491491,0.0643114735759907,0.2832511281064223
0.5,0.5,0.5,0.8801301301301301,0.06375615599627316,0.28295537753417527
0.5,0.5,0.5,0.8811111111111111,0.06320141760189016,0.2826600906004941
0.5,0.5,0.5,0.882092092092092,0.0626472574871956,0.282365266334755
0.5,0.5,0.5,0.883073073073073,0.06209367474843054,0.282070903768844
0.5,0.5,0.5,0.884054054054054,0.06154066848371828,0.2817770019371897
0.5,0.5,0.5,0.885035035035035,0.060988237793059515,0.281483559876763
0.5,0.5,0.5,0.886016016016016,0.060436381778327414,0.28119057662703023
0.5,0.5,0.5,0.886996996996997,0.059885099543262744,0.2808980512299833
0.5,0.5,0.5,0.887977977977978,0.05933439019346905,0.28060598273012327
0.5,0.5,0.5,0.8889589589589589,0.05878425283640778,0.2803143701744203
0.5,0.5,0.5,0.8899399399399399,0.05823468658139352,0.28002321261237023
0.5,0.5,0.5,0.8909209209209209,0.057685690539589114,0.27973250909591113
0.5,0.5,0.5,0.8919019019019019,0.057137263824000945,0.2794422586794669
0.5,0.5,0.5,0.8928828828828829,0.056589405549474094,0.2791524604199284
0.5,0.5,0.5,0.8938638638638639,0.05604211483268763,0.27886311337664094
0.5,0.5,0.5,0.8948448448448448,0.05549539079214983,0.2785742166114073
0.5,0.5,0.5,0.8958258258258258,0.05494923254819344,0.2782857691884606
0.5,0.5,0.5,0.8968068068068068,0.05440363922297101,0.27799777017444716
0.5,0.5,0.5,0.8977877877877878,0.053858609940450136,0.27771021863849615
0.5,0.5,0.5,0.8987687687687688,0.05331414382640877,0.2774231136520952
0.5,0.5,0.5,0.8997497497497497,0.05277024000843059,0.27713645428917877
0.5,0.5,0.5,0.9007307307307307,0.05222689761590031,0.2768502396260829
0.5,0.5,0.5,0.9017117117117117,0.05168411577999905,0.27656446874150736
0.5,0.5,0.5,0.9026926926926927,0.05114189363369967,0.2762791407165748
0.5,0.5,0.5,0.9036736736736737,0.050600230311762195,0.27599425463478
0.5,0.5,0.5,0.9046546546546547,0.0500591249507292,0.27570980958198826
0.5,0.5,0.5,0.9056356356356356,0.04951857668892121,0.2754258046464231
0.5,0.5,0.5,0.9066166166166166,0.04897858466643215,0.275142238918679
0.5,0.5,0.5,0.9075975975975976,0.04843914802512475,0.27485911149171005
0.5,0.5,0.5,0.9085785785785786,0.04790026590862602,0.27457642146078654
0.5,0.5,0.5,0.9095595595595596,0.04736193746232274,0.2742941679235275
0.5,0.5,0.5,0.9105405405405406,0.0468241618333569,0.27401234997991475
0.5,0.5,0.5,0.9115215215215215,0.04628693817062121,0.27373096673219194
0.5,0.5,0.5,0.9125025025025025,0.045750265624754635,0.27345001728495916
0.5,0.5,0.5,0.9134834834834835,0.0452141433481379,0.27316950074512386
0.5,0.5,0.5,0.9144644644644645,0.044678570494889006,0.27288941622188423
0.5,0.5,0.5,0.9154454454454455,0.04414354622085881,0.27260976282673305
0.5,0.5,0.5,0.9164264264264265,0.04360906968362659,0.2723305396734473
0.5,0.5,0.5,0.9174074074074074,0.04307514004249563,0.2720517458780884
0.5,0.5,0.5,0.9183883883883884,0.04254175645848876,0.2717733805589975
0.5,0.5,0.5,0.9193693693693694,0.042008918094344025,0.2714954428367698
0.5,0.5,0.5,0.9203503503503504,0.04147662411451027,0.2712179318342618
0.5,0.5,0.5,0.9213313313313314,0.0409448736851428,0.27094084667657675
0.5,0.5,0.5,0.9223123123123124,0.04041366597409898,0.2706641864910791
0.5,0.5,0.5,0.9232932932932932,0.039883000150933996,0.2703879504073627
0.5,0.5,0.5,0.9242742742742742,0.039352875386896274,0.27011213755725694
0.5,0.5,0.5,0.9252552552552552,0.038823290854923524,0.26983674707479754
0.5,0.5,0.5,0.9262362362362362,0.03829424572963818,0.26956177809625487
0.5,0.5,0.5,0.9272172172172172,0.03776573918734323,0.2692872297601057
0.5,0.5,0.5,0.9281981981981982,0.03723777040601787,0.2690131012070399
0.5,0.5,0.5,0.9291791791791791,0.03671033856531329,0.26873939157993004
0.5,0.5,0.5,0.9301601601601601,0.03618344284654841,0.26846610002383353
0.5,0.5,0.5,0.9311411411411411,0.035657082432705635,0.26819322568601395
0.5,0.5,0.5,0.9321221221221221,0.03513125650842665,0.267920767715886
0.5,0.5,0.5,0.9331031031031031,0.0346059642600082,0.26764872526507283
0.5,0.5,0.5,0.934084084084084,0.03408120487539789,0.26737709748732147
0.5,0.5,0.5,0.935065065065065,0.03355697754419001,0.2671058835385617
0.5,0.5,0.5,0.936046046046046,0.03303328145762135,0.2668350825768443
0.5,0.5,0.5,0.937027027027027,0.03251011580856706,0.26656469376240816
0.5,0.5,0.5,0.938008008008008,0.031987479791536474,0.2662947162575849
0.5,0.5,0.5,0.938988988988989,0.03146537260266902,0.26602514922687065
0.5,0.5,0.5,0.93996996996997,0.030943793439730045,0.26575599183686666
0.5,0.5,0.5,0.9409509509509509,0.030422741502106755,0.2654872432562969
0.5,0.5,0.5,0.9419319319319319,0.029902215990804084,0.26521890265599407
0.5,0.5,0.5,0.9429129129129129,0.029382216108440627,0.2649509692089166
0.5,0.5,0.5,0.9438938938938939,0.02886274105924458,0.2646834420900859
0.5,0.5,0.5,0.9448748748748749,0.028343790049049637,0.264416320476641
0.5,0.5,0.5,0.9458558558558559,0.027825362285290988,0.26414960354779665
0.5,0.5,0.5,0.9468368368368368,0.02730745697700127,0.26388329048485587
0.5,0.5,0.5,0.9478178178178178,0.026790073334806538,0.2636173804711826
0.5,0.5,0.5,0.9487987987987988,0.02627321057092226,0.2633518726922297
0.5,0.5,0.5,0.9497797797797798,0.025756867899149306,0.26308676633546974
0.5,0.5,0.5,0.9507607607607608,0.025241044534869993,0.26282206059047997
0.5,0.5,0.5,0.9517417417417418,0.024725739695044074,0.26255775464883924
0.5,0.5,0.5,0.9527227227227227,0.024210952598204806,0.2622938477042111
0.5,0.5,0.5,0.9537037037037037,0.023696682464454968,0.2620303389522626
0.5,0.5,0.5,0.9546846846846847,0.023182928515462956,0.2617672275906951
0.5,0.5,0.5,0.9556656656656657,0.02266968997445884,0.26150451281925513
0.5,0.5,0.5,0.9566466466466467,0.02215696606623044,0.2612421938396916
0.5,0.5,0.5,0.9576276276276277,0.02164475601711944,0.2609802698557414
0.5,0.5,0.5,0.9586086086086086,0.02113305905501749,0.26071874007319407
0.5,0.5,0.5,0.9595895895895896,0.020621874409362324,0.2604576036998015
0.5,0.5,0.5,0.9605705705705706,0.020111201311133902,0.260196859945322
0.5,0.5,0.5,0.9615515515515516,0.01960103899285053,0.2599365080215036
0.5,0.5,0.5,0.9625325325325326,0.01909138668856504,0.2596765471420679
0.5,0.5,0.5,0.9635135135135136,0.018582243633860955,0.2594169765227179
0.5,0.5,0.5,0.9644944944944945,0.018073609065848654,0.25915779538113276
0.5,0.5,0.5,0.9654754754754755,0.01756548222316156,0.258899002936921
0.5,0.5,0.5,0.9664564564564565,0.01705786234595236,0.2586405984116904
0.5,0.5,0.5,0.9674374374374375,0.016550748675889203,0.258382581028982
0.5,0.5,0.5,0.9684184184184185,0.016044140456151924,0.25812495001427294
0.5,0.5,0.5,0.9693993993993995,0.015538036931428282,0.2578677045949999
0.5,0.5,0.5,0.9703803803803803,0.015032437347910271,0.25761084400051437
0.5,0.5,0.5,0.9713613613613613,0.014527340953290132,0.2573543674621191
0.5,0.5,0.5,0.9723423423423423,0.01402274699675698,0.2570982742130013
0.5,0.5,0.5,0.9733233233233233,0.013518654728992847,0.25684256348831047
0.5,0.5,0.5,0.9743043043043043,0.013015063402169031,0.2565872345250767
0.5,0.5,0.5,0.9752852852852852,0.012511972269942405,0.25633228656224166
0.5,0.5,0.5,0.9762662662662662,0.012009380587451712,0.2560777188406472
0.5,0.5,0.5,0.9772472472472472,0.011507287611313916,0.25582353060302976
0.5,0.5,0.5,0.9782282282282282,0.011005692599620512,0.25556972109401266
0.5,0.5,0.5,0.9792092092092092,0.010504594811933885,0.25531628956011415
0.5,0.5,0.5,0.9801901901901902,0.010003993509283661,0.25506323524970204
0.5,0.5,0.5,0.9811711711711711,0.009503887954163081,0.2548105574130328
0.5,0.5,0.5,0.9821521521521521,0.009004277410525372,0.2545582553022291
0.5,0.5,0.5,0.9831331331331331,0.008505161143780141,0.25430632817128035
0.5,0.5,0.5,0.9841141141141141,0.008006538420789768,0.25405477527599396
0.5,0.5,0.5,0.9850950950950951,0.007508408509865827,0.25380359587407303
0.5,0.5,0.5,0.9860760760760761,0.007010770680765499,0.2535527892250406
0.5,0.5,0.5,0.987057057057057,0.006513624204688004,0.2533023545902668
0.5,0.5,0.5,0.988038038038038,0.0060169683542710475,0.2530522912329275
0.5,0.5,0.5,0.989019019019019,0.005520802403587269,0.25280259841806535
0.5,0.5,0.5,0.99,0.005025125628140708,0.25255327541252004
