1.00E-08,1.404736123,0.010283066,1.24E-06
0.001204829,1.222353498,0.21310712,1.80E-06
0.002409648,1.143056832,0.299961545,3.90E-07
0.003614468,1.084647456,0.36320267,5.40E-06
0.004819287,1.04263316,0.407492525,1.31E-05
0.006024106,1.014136411,0.43727242,2.94E-06
0.007228925,0.985842505,0.46718327,4.65E-06
0.008433745,0.962449201,0.491036648,1.43E-05
0.009638564,0.94322943,0.50871658,6.04E-06
0.010843383,0.92843911,0.522930191,2.56E-06
0.012048202,0.911439064,0.540286495,7.68E-06
0.013253022,0.900734581,0.549412967,1.33E-05
0.014457841,0.888832298,0.559810873,1.79E-05
0.01566266,0.880758359,0.566010879,4.82E-06
0.016867479,0.871095843,0.574252571,4.25E-05
0.018072299,0.862129315,0.582144441,4.04E-05
0.019277118,0.85620864,0.584820894,9.78E-05
0.020481937,0.8478339,0.592383291,7.10E-05
0.021686756,0.840931588,0.597778145,5.51E-05
0.022891576,0.835972896,0.600618318,1.38E-05
0.024096395,0.829493618,0.605191331,0.000127261
0.025301214,0.82437729,0.608260673,0.000267587
0.026506033,0.819573448,0.610689186,0.000308952
0.027710852,0.813281676,0.615121314,0.000328077
0.028915672,0.809515659,0.616869896,0.000467129
0.030120491,0.804883487,0.618985783,0.000660559
0.03132531,0.801257471,0.6204113,0.000934402
0.032530129,0.797529831,0.621740484,0.001096876
0.033734949,0.792892391,0.624714631,0.001308015
0.034939768,0.790037738,0.625041597,0.001624084
0.036144587,0.785926311,0.626446203,0.002143665
0.037349406,0.782341878,0.627881603,0.00246621
0.038554226,0.778731724,0.62946707,0.002749742
0.039759045,0.77490357,0.631059974,0.003524881
0.040963864,0.772098931,0.630825851,0.004330938
0.042168683,0.768902402,0.63188651,0.004588492
0.043373503,0.765928437,0.632676964,0.005297435
0.044578322,0.763151376,0.632333349,0.006319092
0.045783141,0.760877718,0.632375065,0.006602967
0.04698796,0.757724898,0.63290646,0.007644308
0.048192779,0.7530116,0.635080955,0.008246881
0.049397599,0.751861565,0.634210426,0.008650034
0.050602418,0.748845405,0.633899224,0.009697966
0.051807237,0.745780048,0.634813234,0.010332569
0.053012056,0.742840358,0.635020056,0.011356923
0.054216876,0.740492694,0.63518434,0.012870354
0.055421695,0.737919127,0.634591231,0.013070939
0.056626514,0.734996007,0.635428279,0.014632943
0.057831333,0.733303882,0.633895356,0.015612992
0.059036153,0.731008015,0.633639547,0.016912309
0.060240972,0.727539525,0.63420787,0.017297462
0.061445791,0.725170949,0.634353507,0.019035553
0.06265061,0.723261249,0.633901142,0.019065693
0.06385543,0.720723079,0.633729854,0.020907556
0.065060249,0.718668016,0.63339424,0.021320569
0.066265068,0.715864165,0.63280816,0.022415032
0.067469887,0.713565962,0.632334931,0.02389865
0.068674707,0.712520958,0.631413233,0.024590571
0.069879526,0.709839916,0.630722532,0.02613496
0.071084345,0.70778009,0.63087837,0.026394394
0.072289164,0.705038022,0.630573834,0.028267291
0.073493983,0.702787928,0.629963019,0.029167089
0.074698803,0.701909384,0.628309481,0.029903286
0.075903622,0.698885904,0.629074102,0.03130313
0.077108441,0.697397298,0.627466245,0.031686292
0.07831326,0.695194418,0.627683086,0.033306063
0.07951808,0.693360027,0.626751545,0.033416713
0.080722899,0.691584097,0.625393621,0.033925592
0.081927718,0.688921412,0.625352082,0.035833312
0.083132537,0.687870813,0.623904152,0.036775094
0.084337357,0.685256454,0.623945909,0.037617422
0.085542176,0.683090054,0.623883566,0.038689102
0.086746995,0.682495514,0.622062948,0.039867261
0.087951814,0.680426337,0.62113321,0.040822754
0.089156634,0.677732517,0.621028504,0.041965053
0.090361453,0.67634697,0.619935432,0.043159332
0.091566272,0.674579812,0.61900733,0.043056846
0.092771091,0.672212481,0.619149966,0.044022418
0.09397591,0.670589237,0.618071195,0.045185227
0.09518073,0.668781973,0.617287246,0.046392888
0.096385549,0.667542239,0.615902954,0.046566125
0.097590368,0.665541696,0.615969225,0.048482183
0.098795187,0.664024593,0.614393887,0.049128329
0.100000007,0.662040628,0.613823623,0.050918435
0.101204826,0.659894102,0.613689458,0.050806503
0.102409645,0.659241768,0.611372266,0.051758779
0.103614464,0.657481706,0.611214399,0.051703937
0.104819284,0.656364872,0.609609744,0.052992708
0.106024103,0.654407389,0.609434892,0.053431357
0.107228922,0.652471966,0.608360986,0.054415502
0.108433741,0.650416132,0.607805321,0.055979164
0.109638561,0.648922687,0.607707232,0.055651787
0.11084338,0.646685511,0.60636942,0.057520365
0.112048199,0.645695354,0.605236397,0.05771942
0.113253018,0.644785623,0.603830524,0.059061105
0.114457838,0.6424632,0.603128294,0.059343697
0.115662657,0.641519547,0.601669074,0.060020785
0.116867476,0.639992666,0.600746724,0.061042545
0.118072295,0.638578277,0.599802261,0.06113784
0.119277114,0.636844874,0.598955383,0.063673411
0.120481934,0.63535716,0.59894624,0.062348903
0.121686753,0.633048057,0.598036238,0.064171729
0.122891572,0.632242183,0.597480819,0.064098417
0.124096391,0.630405979,0.595754539,0.064903158
0.125301211,0.629332327,0.594706814,0.066517476
0.12650603,0.627606015,0.594534176,0.066676426
0.127710849,0.626500183,0.592587629,0.067174777
0.128915668,0.625056468,0.59151177,0.068440105
0.130120488,0.623518946,0.591293014,0.068209331
0.131325307,0.621817024,0.590203792,0.068504756
0.132530126,0.62049536,0.589863261,0.069899835
0.133734945,0.61910391,0.58880527,0.069645841
0.134939765,0.617902498,0.58767838,0.070288162
0.136144584,0.61591078,0.58653641,0.071767403
0.137349403,0.615022595,0.585568873,0.072394459
0.138554222,0.613389047,0.584336224,0.072351883
0.139759041,0.61208474,0.583250177,0.07332351
0.140963861,0.611083007,0.58274813,0.073535457
0.14216868,0.609206087,0.581477206,0.074360187
0.143373499,0.607417817,0.581088813,0.075767706
0.144578318,0.606850813,0.579954972,0.07572923
0.145783138,0.605299477,0.579155467,0.075957852
0.146987957,0.603293429,0.578723365,0.077369878
0.148192776,0.603621368,0.576416415,0.076923246
0.149397595,0.601615083,0.575867183,0.078050588
0.150602415,0.600528515,0.574853918,0.07882225
0.151807234,0.598998623,0.573696973,0.079365038
0.153012053,0.597329595,0.573689566,0.079091134
0.154216872,0.595904315,0.572931741,0.079756195
0.155421692,0.594843637,0.570764102,0.080785977
0.156626511,0.593377306,0.570899579,0.080827699
0.15783133,0.591995268,0.569404146,0.082039251
0.159036149,0.590206943,0.56828444,0.082774432
0.160240969,0.589569102,0.567358065,0.082944302
0.161445788,0.587676304,0.566699679,0.082761546
0.162650607,0.587582424,0.565270894,0.08315239
0.163855426,0.586232068,0.564028036,0.083024848
0.165060245,0.584176219,0.564449365,0.083274288
0.166265065,0.582848387,0.562475336,0.084052814
0.167469884,0.581150324,0.562034558,0.085085068
0.168674703,0.580443098,0.561250586,0.08575308
0.169879522,0.579646832,0.559496364,0.085808899
0.171084342,0.578029895,0.559548633,0.085403439
0.172289161,0.577085192,0.558209952,0.086551424
0.17349398,0.575655174,0.556748962,0.086400245
0.174698799,0.574611054,0.555884536,0.08783696
0.175903619,0.573474539,0.555828683,0.086684343
0.177108438,0.572744569,0.553794002,0.088050354
0.178313257,0.570985357,0.552719204,0.089926973
0.179518076,0.569734861,0.552732508,0.088251892
0.180722896,0.567805311,0.551835121,0.089798468
0.181927715,0.567843545,0.549356982,0.089418201
0.183132534,0.56652309,0.549315602,0.089597273
0.184337353,0.56512428,0.547806565,0.090681057
0.185542172,0.563559273,0.547513988,0.091096436
0.186746992,0.563574916,0.545901833,0.09102838
0.187951811,0.561884385,0.54470963,0.090780386
0.18915663,0.559927555,0.545241788,0.091685551
0.190361449,0.559871103,0.543249868,0.091888613
0.191566269,0.558140309,0.542806351,0.092607384
0.192771088,0.55713168,0.541579549,0.092400196
0.193975907,0.555446015,0.541567698,0.092781956
0.195180726,0.55531587,0.539042949,0.092595786
0.196385546,0.552637909,0.539825928,0.093199455
0.197590365,0.551695935,0.538316026,0.094768112
0.198795184,0.551487536,0.536513927,0.094567542
0.200000003,0.550357146,0.535396947,0.094727671
0.201204823,0.54851591,0.535078223,0.093802162
0.202409642,0.547262589,0.534130675,0.095583673
0.203614461,0.547195185,0.532535452,0.094501906
0.20481928,0.544837937,0.532246472,0.096174928
0.2060241,0.544073502,0.532201406,0.096156233
0.207228919,0.542817928,0.530478404,0.09657535
0.208433738,0.542075075,0.529111199,0.095923229
0.209638557,0.540678921,0.52839781,0.097815424
0.210843376,0.539348697,0.528577601,0.09554042
0.212048196,0.538273349,0.526514867,0.097323085
0.213253015,0.537242971,0.526657122,0.097697298
0.214457834,0.536100978,0.525524932,0.096372419
0.215662653,0.535497041,0.523516603,0.097133287
0.216867473,0.534732458,0.52248282,0.09889026
0.218072292,0.533974423,0.522249177,0.09686785
0.219277111,0.532978061,0.520883395,0.098725355
0.22048193,0.531871131,0.520095042,0.098227192
0.22168675,0.530590071,0.51910952,0.098666563
0.222891569,0.529818455,0.518178098,0.097828812
0.224096388,0.52760535,0.51781739,0.099870036
0.225301207,0.527073243,0.516783296,0.098291552
0.226506027,0.526815708,0.515531353,0.09833761
0.227710846,0.525240154,0.514132947,0.099451774
0.228915665,0.523511566,0.514326161,0.099445154
0.230120484,0.522954696,0.512433914,0.098981619
0.231325303,0.521637682,0.512109245,0.099294545
0.232530123,0.519691845,0.511740393,0.100967635
0.233734942,0.519553533,0.510787688,0.101312535
0.234939761,0.518885105,0.509248085,0.100996759
0.23614458,0.517283143,0.507767922,0.100958724
0.2373494,0.516591141,0.508334415,0.101096345
0.238554219,0.515600076,0.505827706,0.101475468
0.239759038,0.514418978,0.505496484,0.101936499
0.240963857,0.513002439,0.505011964,0.102719218
0.242168677,0.512533629,0.503642695,0.101663153
0.243373496,0.510654576,0.503449444,0.102873182
0.244578315,0.510748425,0.502165002,0.101746339
0.245783134,0.508942755,0.501567861,0.102226633
0.246987954,0.508270851,0.500564887,0.101187539
0.248192773,0.507418525,0.499948455,0.103159686
0.249397592,0.506893192,0.498453845,0.103355455
0.250602411,0.505543376,0.497220317,0.104123675
0.251807231,0.504776717,0.496387213,0.102252674
0.25301205,0.502603107,0.49630571,0.102931075
0.254216869,0.502597838,0.494502615,0.103497657
0.255421688,0.501001674,0.49412651,0.10308341
0.256626507,0.499674691,0.492954783,0.103415975
0.257831327,0.499159538,0.492491715,0.103696695
0.259036146,0.49837489,0.491041053,0.104999323
0.260240965,0.496979169,0.490037544,0.105049201
0.261445784,0.496558102,0.490361193,0.103717915
0.262650604,0.494627525,0.489430377,0.103575725
0.263855423,0.494531614,0.488414247,0.104555182
0.265060242,0.492218137,0.48740308,0.105255915
0.266265061,0.492933267,0.48545344,0.104875581
0.267469881,0.491877957,0.485140107,0.102956847
0.2686747,0.490839336,0.484330337,0.104150668
0.269879519,0.48913551,0.483101364,0.105866657
0.271084338,0.488598276,0.483543259,0.105623636
0.272289158,0.487192574,0.482290606,0.10486477
0.273493977,0.486619009,0.480491941,0.106431306
0.274698796,0.485769643,0.479795714,0.104140576
0.275903615,0.484514804,0.479201355,0.106185285
0.277108434,0.484252191,0.478368537,0.103625438
0.278313254,0.482216523,0.478235483,0.105008155
0.279518073,0.482672578,0.476621719,0.104584195
0.280722892,0.480208701,0.476835763,0.105427553
0.281927711,0.480594706,0.475052937,0.105034608
0.283132531,0.478445762,0.474873489,0.105025299
0.28433735,0.477782004,0.47281769,0.104951338
0.285542169,0.477379312,0.472011957,0.104861187
0.286746988,0.475726226,0.472246248,0.105029738
0.287951808,0.474962971,0.471702147,0.106151848
0.289156627,0.473506688,0.469798301,0.105424436
0.290361446,0.473438401,0.468815403,0.10731831
0.291566265,0.472732264,0.467487354,0.10711982
0.292771085,0.470900753,0.466740301,0.107159609
0.293975904,0.470876086,0.465434962,0.107061903
0.295180723,0.469661914,0.465292916,0.105778137
0.296385542,0.467691896,0.46493342,0.106280631
0.297590362,0.468023977,0.463926066,0.106688845
0.298795181,0.466772996,0.463106422,0.106327052
0.3,0.465697937,0.462646569,0.106845224
0.3,0.465697937,0.462646569,0.106845224
0.301606426,0.465800282,0.460938623,0.106629725
0.303212851,0.463447072,0.460358135,0.106655816
0.304819277,0.461876472,0.459603927,0.107210016
0.306425703,0.460426593,0.458428909,0.107052629
0.308032129,0.460653964,0.455815806,0.106261628
0.309638554,0.458082809,0.455958169,0.106079542
0.31124498,0.45812322,0.454285174,0.106407587
0.312851406,0.455627799,0.453339586,0.106854238
0.314457831,0.4549152,0.452277216,0.104857106
0.316064257,0.454023493,0.450906739,0.107961343
0.317670683,0.452669315,0.449673797,0.105615978
0.319277108,0.451745036,0.44809694,0.107180771
0.320883534,0.450601445,0.448111063,0.107454327
0.32248996,0.448490514,0.446853376,0.107428572
0.324096386,0.447703117,0.446536357,0.106504214
0.325702811,0.446227084,0.444099719,0.108370076
0.327309237,0.446077479,0.442265962,0.108360732
0.328915663,0.443952162,0.44176243,0.107237761
0.330522088,0.443591134,0.440519504,0.105941794
0.332128514,0.441127942,0.440234715,0.107676563
0.33373494,0.44127084,0.439016019,0.105212895
0.335341365,0.439319729,0.437071061,0.107389114
0.336947791,0.438513138,0.43665119,0.107087369
0.338554217,0.438047953,0.435337608,0.107991946
0.340160643,0.435669622,0.433692738,0.107804622
0.341767068,0.434960148,0.432440096,0.107443341
0.343373494,0.433168098,0.432849239,0.10662178
0.34497992,0.432469476,0.43035484,0.107419584
0.346586345,0.432242271,0.430646442,0.10682641
0.348192771,0.430361744,0.429281071,0.105915453
0.349799197,0.429770084,0.427046003,0.10726388
0.351405622,0.429539121,0.426314508,0.107190763
0.353012048,0.426808157,0.425316163,0.10715014
0.354618474,0.425923364,0.424891296,0.106418851
0.3562249,0.423860401,0.424207317,0.106108713
0.357831325,0.422857208,0.423677848,0.107213001
0.359437751,0.422442613,0.421084037,0.106957234
0.361044177,0.422450851,0.419980362,0.105184864
0.362650602,0.421141917,0.41886904,0.107548705
0.364257028,0.419408755,0.417867948,0.106365649
0.365863454,0.417831265,0.417394674,0.105486494
0.36746988,0.417273235,0.415651139,0.105395604
0.369076305,0.415084631,0.414535517,0.106645014
0.370682731,0.41503634,0.413170269,0.107124777
0.372289157,0.414567248,0.412414015,0.106603461
0.373895582,0.413629326,0.4116928,0.106200101
0.375502008,0.412790048,0.409996505,0.106821967
0.377108434,0.410568001,0.409989685,0.107091571
0.378714859,0.40965626,0.407987455,0.10562348
0.380321285,0.406891818,0.407936537,0.107109761
0.381927711,0.40706679,0.405754788,0.106141666
0.383534137,0.407006834,0.405965063,0.104936642
0.385140562,0.405644918,0.404133261,0.10541397
0.386746988,0.402614106,0.404164696,0.107431247
0.388353414,0.403649172,0.402517694,0.105497238
0.389959839,0.400940045,0.402165537,0.106584395
0.391566265,0.400097222,0.400611226,0.106876043
0.393172691,0.400029435,0.39948249,0.106460683
0.394779116,0.39852738,0.397823117,0.106086214
0.396385542,0.39663527,0.398650035,0.103525932
0.397991968,0.395455581,0.397430621,0.104601619
0.399598394,0.394435748,0.395602102,0.104345899
0.401204819,0.393828015,0.393820952,0.105161791
0.402811245,0.393629501,0.393249909,0.104311437
0.404417671,0.391046761,0.392128789,0.104544157
0.406024096,0.391319466,0.391321605,0.104684581
0.407630522,0.391216596,0.39012589,0.105325303
0.409236948,0.387697346,0.389103341,0.10500556
0.410843373,0.387871279,0.388904245,0.104476906
0.412449799,0.386252406,0.387548563,0.106932885
0.414056225,0.384757305,0.386725111,0.105780557
0.415662651,0.384939172,0.385099593,0.102490085
0.417269076,0.382488069,0.383092047,0.104609095
0.418875502,0.382229449,0.384477916,0.103923251
0.420481928,0.38215124,0.382139887,0.103577606
0.422088353,0.378825275,0.381636024,0.103808944
0.423694779,0.379540977,0.380030961,0.103666571
0.425301205,0.378842259,0.379403512,0.102940266
0.426907631,0.376427007,0.378799681,0.103428192
0.428514056,0.376524037,0.375588922,0.103323841
0.430120482,0.375249578,0.375842554,0.103059051
0.431726908,0.372710374,0.374969952,0.104115188
0.433333333,0.37263938,0.372952091,0.102192419
0.434939759,0.372332238,0.372029788,0.104165986
0.436546185,0.370034451,0.371636697,0.102620438
0.43815261,0.369661309,0.372008031,0.104481076
0.439759036,0.369526442,0.369169938,0.103750691
0.441365462,0.365825729,0.369259255,0.104447572
0.442971888,0.367231099,0.366921842,0.103031738
0.444578313,0.364521506,0.366587002,0.102267339
0.446184739,0.364040895,0.366514122,0.103703914
0.447791165,0.363001156,0.36504604,0.103878262
0.44939759,0.361732355,0.362676792,0.102552735
0.451004016,0.361376053,0.363852928,0.099910509
0.452610442,0.360042708,0.361709387,0.103028199
0.454216867,0.359880956,0.361049336,0.100657915
0.455823293,0.358447315,0.360330176,0.099869532
0.457429719,0.357047938,0.357056677,0.100856751
0.459036145,0.356486523,0.357789616,0.101092682
0.46064257,0.35460122,0.355931729,0.100256467
0.462248996,0.354544028,0.354993733,0.101334237
0.463855422,0.353523243,0.35386037,0.099174292
0.465461847,0.351964083,0.35415414,0.101858751
0.467068273,0.350333588,0.353951174,0.10029042
0.468674699,0.350830535,0.351166101,0.099770918
0.470281124,0.348852251,0.349642742,0.100469251
0.47188755,0.348299466,0.348383078,0.101606824
0.473493976,0.347446181,0.348290237,0.099285301
0.475100402,0.345227217,0.34769382,0.099160963
0.476706827,0.344477715,0.347031415,0.099914063
0.478313253,0.344447771,0.3462326,0.100523949
0.479919679,0.343255697,0.343527157,0.100882232
0.481526104,0.3407159,0.34290719,0.099338698
0.48313253,0.339732765,0.344002988,0.0996519
0.484738956,0.339724571,0.342238195,0.097542285
0.486345382,0.338040555,0.340209333,0.097520132
0.487951807,0.339110265,0.338431907,0.097308923
0.489558233,0.336034665,0.338087776,0.099254371
0.491164659,0.335831251,0.336897919,0.099945771
0.492771084,0.334928682,0.337720719,0.098008385
0.49437751,0.335150542,0.334948567,0.097051495
0.495983936,0.333615015,0.336100069,0.095847366
0.497590361,0.332751441,0.332379006,0.096813273
0.499196787,0.329157496,0.332010375,0.097794135
0.500803213,0.329711346,0.331951737,0.097137043
0.502409639,0.32909562,0.331212855,0.096655351
0.504016064,0.326635205,0.33008203,0.096481805
0.50562249,0.3258802,0.328197079,0.09653526
0.507228916,0.324694958,0.327582699,0.095960978
0.508835341,0.324726315,0.326521852,0.096971172
0.510441767,0.322517601,0.327289818,0.09742299
0.512048193,0.323534396,0.324850009,0.095871825
0.513654618,0.321962828,0.323664107,0.09599787
0.515261044,0.321439605,0.323078469,0.095437131
0.51686747,0.318786124,0.321976921,0.095862649
0.518473896,0.317941381,0.320845583,0.0958184
0.520080321,0.316330863,0.320302296,0.095249438
0.521686747,0.316117972,0.320546093,0.097082151
0.523293173,0.316841116,0.317156068,0.094650125
0.524899598,0.315579098,0.317066908,0.096838992
0.526506024,0.313110488,0.317067065,0.095978624
0.52811245,0.313757782,0.314820842,0.094488389
0.529718876,0.311495447,0.315799315,0.092151375
0.531325301,0.309383403,0.3142024,0.094844924
0.532931727,0.309086351,0.313765322,0.09362817
0.534538153,0.308281218,0.311301904,0.09537747
0.536144578,0.308126341,0.311170604,0.091461559
0.537751004,0.305121638,0.310231615,0.093143226
0.53935743,0.305219019,0.307718049,0.095824156
0.540963855,0.305600954,0.307332113,0.092022605
0.542570281,0.303563115,0.305097894,0.093057888
0.544176707,0.301992399,0.304552315,0.092186291
0.545783133,0.302642682,0.305434475,0.092186475
0.547389558,0.300308218,0.304072238,0.09433672
0.548995984,0.298597515,0.302141155,0.091149276
0.55060241,0.29887977,0.302261085,0.0943123
0.552208835,0.299314339,0.30024058,0.092402774
0.553815261,0.297651319,0.297915393,0.091945811
0.555421687,0.294632871,0.300164679,0.091931873
0.557028112,0.294769854,0.296135542,0.090333337
0.558634538,0.295161089,0.296599118,0.091785011
0.560240964,0.293001963,0.296135012,0.088332832
0.56184739,0.292704231,0.296064978,0.091664801
0.563453815,0.291365652,0.294933917,0.088455233
0.565060241,0.290731557,0.291710817,0.08937904
0.566666667,0.290708367,0.292789713,0.08897502
0.568273092,0.289224732,0.291420054,0.089981054
0.569879518,0.287373185,0.288475039,0.090644595
0.571485944,0.286753538,0.288990264,0.091331672
0.573092369,0.283421923,0.287384133,0.090807093
0.574698795,0.284383715,0.288245038,0.087706163
0.576305221,0.281705526,0.287338846,0.088010108
0.577911647,0.282342141,0.284155489,0.086870689
0.579518072,0.280595592,0.282935353,0.08791872
0.581124498,0.281056291,0.282802193,0.087966029
0.582730924,0.279857203,0.28207036,0.08615868
0.584337349,0.27888588,0.27989044,0.08652991
0.585943775,0.278120801,0.280698933,0.088166908
0.587550201,0.27492107,0.279609429,0.08736172
0.589156627,0.27595065,0.278255804,0.08471946
0.590763052,0.27332608,0.2780365,0.086133076
0.592369478,0.272642794,0.277412084,0.084417664
0.593975904,0.273921548,0.273692405,0.086943444
0.595582329,0.271537763,0.276083819,0.085611133
0.597188755,0.270723322,0.274012664,0.083153419
0.598795181,0.26847756,0.273025587,0.084311107
0.600401606,0.268883955,0.270207116,0.084431685
0.602008032,0.265615738,0.271135522,0.083793466
0.603614458,0.267145851,0.270163179,0.082535997
0.605220884,0.265045075,0.268096446,0.082893731
0.606827309,0.264918502,0.266434884,0.085265086
0.608433735,0.262857895,0.266989505,0.085308688
0.610040161,0.262189647,0.265508199,0.082151431
0.611646586,0.261821792,0.26457703,0.082499315
0.613253012,0.261625279,0.264236746,0.083515139
0.614859438,0.258831342,0.261003236,0.085491548
0.616465863,0.256926365,0.261456409,0.084629917
0.618072289,0.256049827,0.26155344,0.08382913
0.619678715,0.256990022,0.260169028,0.084624152
0.621285141,0.254939474,0.258690185,0.080759366
0.622891566,0.253279335,0.258051661,0.082275199
0.624497992,0.253284498,0.257476874,0.083247558
0.626104418,0.2505853,0.254753205,0.081538696
0.627710843,0.250914373,0.255495417,0.081046478
0.629317269,0.250052447,0.254445779,0.083933612
0.630923695,0.248447857,0.252748939,0.079883406
0.63253012,0.24909622,0.251570351,0.081660824
0.634136546,0.248242989,0.25236278,0.080118902
0.635742972,0.247595634,0.250081082,0.078479673
0.637349398,0.245175209,0.247659579,0.079871459
0.638955823,0.24436979,0.246093936,0.079034888
0.640562249,0.24247222,0.245180448,0.079816346
0.642168675,0.241207095,0.247121944,0.080074644
0.6437751,0.239956869,0.245536922,0.07921627
0.645381526,0.240057886,0.242569612,0.078762962
0.646987952,0.240567057,0.243479761,0.07740252
0.648594378,0.237462121,0.241216211,0.080134281
0.650200803,0.238467308,0.241592196,0.075263611
0.651807229,0.237107229,0.241929117,0.076217382
0.653413655,0.236010963,0.237950558,0.07607927
0.65502008,0.2357573,0.237126103,0.075863518
0.656626506,0.233367261,0.235778117,0.079098831
0.658232932,0.231482693,0.237747011,0.078051593
0.659839357,0.23224345,0.236204084,0.077384877
0.661445783,0.229491098,0.235125563,0.078592781
0.663052209,0.229560284,0.23364331,0.07357526
0.664658635,0.227664152,0.233520054,0.076850394
0.66626506,0.22559203,0.231486164,0.076104542
0.667871486,0.226843966,0.228343728,0.076158598
0.669477912,0.223649108,0.228908797,0.075423744
0.671084337,0.223964322,0.227636308,0.077680166
0.672690763,0.224026824,0.225412155,0.072433498
0.674297189,0.223143366,0.22691231,0.073864526
0.675903614,0.224120191,0.225330853,0.072664383
0.67751004,0.221581666,0.22625514,0.073939543
0.679116466,0.219922448,0.223403153,0.070527146
0.680722892,0.217478524,0.223088857,0.073804121
0.682329317,0.21752042,0.219408701,0.075227438
0.683935743,0.214952372,0.21997032,0.073437795
0.685542169,0.215526831,0.22011699,0.07424008
0.687148594,0.216228936,0.218676115,0.069701722
0.68875502,0.211987165,0.218400426,0.072346533
0.690361446,0.211875847,0.217976435,0.072714181
0.691967871,0.211664887,0.213579672,0.072294108
0.693574297,0.212650679,0.213736893,0.069847948
0.695180723,0.20799542,0.213889674,0.069842068
0.696787149,0.207807042,0.211248042,0.068574072
0.698393574,0.207721161,0.212075356,0.07217466
0.7,0.207249661,0.21066027,0.073330955
0.7,0.207249661,0.21066027,0.073330955
0.700803213,0.204331339,0.209037079,0.068875823
0.701606426,0.206129627,0.211126294,0.069251288
0.702409639,0.20693557,0.207639338,0.071067311
0.703212851,0.202618422,0.208428407,0.068314316
0.704016064,0.205812313,0.208076052,0.070531969
0.704819277,0.204669167,0.206621186,0.07057516
0.70562249,0.203559273,0.206152974,0.068467474
0.706425703,0.202163265,0.205600179,0.069838057
0.707228916,0.201611458,0.204628301,0.066146515
0.708032129,0.200181317,0.204763164,0.068931111
0.708835341,0.199589128,0.204752039,0.067972815
0.709638554,0.202909914,0.204396312,0.066298476
0.710441767,0.200000423,0.20524284,0.069895484
0.71124498,0.198668187,0.202402216,0.070479504
0.712048193,0.199088193,0.200845802,0.068115979
0.712851406,0.200096974,0.20075167,0.065199588
0.713654618,0.197012139,0.203217371,0.069914618
0.714457831,0.197796446,0.199445886,0.066261227
0.715261044,0.196456997,0.200805458,0.070161164
0.716064257,0.194716449,0.200492075,0.068765696
0.71686747,0.194671833,0.198325622,0.0665117
0.717670683,0.193702935,0.19903681,0.067613865
0.718473896,0.194422073,0.196473347,0.066153864
0.719277108,0.195638962,0.197330189,0.069879726
0.720080321,0.193005738,0.199534291,0.066444998
0.720883534,0.195562043,0.197070754,0.067590097
0.721686747,0.192776577,0.194947702,0.066246241
0.72248996,0.194194216,0.193982829,0.06621342
0.723293173,0.191345387,0.194687995,0.063820093
0.724096386,0.192216152,0.194544312,0.069025823
0.724899598,0.191095178,0.191897704,0.064354308
0.725702811,0.19228322,0.194879337,0.067209824
0.726506024,0.190667103,0.191219607,0.06446703
0.727309237,0.191652327,0.191195153,0.064818449
0.72811245,0.189398494,0.191127323,0.068694738
0.728915663,0.189180244,0.193552187,0.066956469
0.729718876,0.188910467,0.191513409,0.063566112
0.730522088,0.188910467,0.191513409,0.063566112
0.731325301,0.187362342,0.189732869,0.06099252
0.732128514,0.187654273,0.18793223,0.064663973
0.732931727,0.184860084,0.191303997,0.06442554
0.73373494,0.18589192,0.18958544,0.066010106
0.734538153,0.186262154,0.189285102,0.064150231
0.735341365,0.186262154,0.189285102,0.064150231
0.736144578,0.184751421,0.185217679,0.063109108
0.736947791,0.184751421,0.185217679,0.063109108
0.737751004,0.184810053,0.184984037,0.063193742
0.738554217,0.180128125,0.187305961,0.062836324
0.73935743,0.181937418,0.187860819,0.06173422
0.740160643,0.18399825,0.184371737,0.061034099
0.740963855,0.181131538,0.185055271,0.064832713
0.741767068,0.179103796,0.183431107,0.064294672
0.742570281,0.17680543,0.183630321,0.062480066
0.743373494,0.182313746,0.184090231,0.061990138
0.744176707,0.177523675,0.182351515,0.063928067
0.74497992,0.180667589,0.181172489,0.06249268
0.745783133,0.176475795,0.181194192,0.062666004
0.746586345,0.179493097,0.18081048,0.061640019
0.747389558,0.176710514,0.179118077,0.05965309
0.748192771,0.175330767,0.180901587,0.063197667
0.748995984,0.176412771,0.179168976,0.061782195
0.749799197,0.175896934,0.179191056,0.061872796
0.75060241,0.175896934,0.179191056,0.061872796
0.751405622,0.174217984,0.178728171,0.060970332
0.752208835,0.17671556,0.177166301,0.056102195
0.753012048,0.173605493,0.175957608,0.061800954
0.753815261,0.175882102,0.176506068,0.061758729
0.754618474,0.170553199,0.175420737,0.061949329
0.755421687,0.171718626,0.174576044,0.058735958
0.7562249,0.169648943,0.173368047,0.058245099
0.757028112,0.170761136,0.175655854,0.059980361
0.757831325,0.170050846,0.175682803,0.056361851
0.758634538,0.171001557,0.173614254,0.062878736
0.759437751,0.169251679,0.173907503,0.057436046
0.760240964,0.166810693,0.173416419,0.058572778
0.761044177,0.171277681,0.170491575,0.059941141
0.76184739,0.168138523,0.170436441,0.05687944
0.762650602,0.167583124,0.169131132,0.058533952
0.763453815,0.166242744,0.168248221,0.060319649
0.764257028,0.166242744,0.168248221,0.060319649
0.765060241,0.166242744,0.168248221,0.060319649
0.765863454,0.163880194,0.170450936,0.057993324
0.766666667,0.165412873,0.166171685,0.055055098
0.76746988,0.165124251,0.165542448,0.054720415
0.768273092,0.165124251,0.165542448,0.054720415
0.769076305,0.16503465,0.166119708,0.055260866
0.769879518,0.164476556,0.166916005,0.059069157
0.770682731,0.16047645,0.163774803,0.057989217
0.771485944,0.161041899,0.164597391,0.054274159
0.772289157,0.160552784,0.163398075,0.057357492
0.773092369,0.15911474,0.165369604,0.057377825
0.773895582,0.162654354,0.164241816,0.058585305
0.774698795,0.158678519,0.161723287,0.057021708
0.775502008,0.159220561,0.164064825,0.057333265
0.776305221,0.158248629,0.162701347,0.055574612
0.777108434,0.156456226,0.158958724,0.055465876
0.777911647,0.156374969,0.159356342,0.054958229
0.778714859,0.156002987,0.160965235,0.056592391
0.779518072,0.155742002,0.159807201,0.052378692
0.780321285,0.15512949,0.158309707,0.056629615
0.781124498,0.155211233,0.156461702,0.056759393
0.781927711,0.157164362,0.158385095,0.05366317
0.782730924,0.154887513,0.155489387,0.056103444
0.783534137,0.15262035,0.155336681,0.053177056
0.784337349,0.153881699,0.154000487,0.05305731
0.785140562,0.150372537,0.155812203,0.052462296
0.785943775,0.151247147,0.156897908,0.051834544
0.786746988,0.15019674,0.154986118,0.052578927
0.787550201,0.149808059,0.153973791,0.052637077
0.788353414,0.149280018,0.154269416,0.052301179
0.789156627,0.150054296,0.153373167,0.050731967
0.789959839,0.149290339,0.153334955,0.050811116
0.790763052,0.149763657,0.149927393,0.05240576
0.791566265,0.149636463,0.149725499,0.052680475
0.792369478,0.148102989,0.151479125,0.055173835
0.793172691,0.149729656,0.151674002,0.050018376
0.793975904,0.146440931,0.151477959,0.050335237
0.794779116,0.14618581,0.147926828,0.053608173
0.795582329,0.145904549,0.149604705,0.050904975
0.796385542,0.145904549,0.149604705,0.050904975
0.797188755,0.146131371,0.149305352,0.049552793
0.797991968,0.143132713,0.145792242,0.053079723
0.798795181,0.144969519,0.144927014,0.053753649
0.799598394,0.143220132,0.147111901,0.048732489
0.800401606,0.140655215,0.142885709,0.050279985
0.801204819,0.141482437,0.143976189,0.052595153
0.802008032,0.140266308,0.143164486,0.050298551
0.802811245,0.143352339,0.144457566,0.051885159
0.803614458,0.141945578,0.142915157,0.052694628
0.804417671,0.141874455,0.142537499,0.052571733
0.805220884,0.137942118,0.14367563,0.049471379
0.806024096,0.139989282,0.140426944,0.050627996
0.806827309,0.139557886,0.142579625,0.048311624
0.807630522,0.138559595,0.141840745,0.046042437
0.808433735,0.138390291,0.142108912,0.051683578
0.809236948,0.138821112,0.137523193,0.049819535
0.810040161,0.137554106,0.138272794,0.047364911
0.810843373,0.137361067,0.137914888,0.047293175
0.811646586,0.133465417,0.139470096,0.048669253
0.812449799,0.133465417,0.139470096,0.048669253
0.813253012,0.136250143,0.136550114,0.046150945
0.814056225,0.133358856,0.138525972,0.046192282
0.814859438,0.130983974,0.136764501,0.049692873
0.815662651,0.135043088,0.134244346,0.049680584
0.816465863,0.133717615,0.135984267,0.048711446
0.817269076,0.133717615,0.135984267,0.048711446
0.818072289,0.12974312,0.132752737,0.04576852
0.818875502,0.131006896,0.135645253,0.050277211
0.819678715,0.130397427,0.133687047,0.046087293
0.820481928,0.130847846,0.134302057,0.047074158
0.821285141,0.131119836,0.132062,0.047883669
0.822088353,0.127487393,0.130215327,0.044323159
0.822891566,0.127507047,0.129106698,0.044035289
0.823694779,0.127799773,0.132015728,0.045795619
0.824497992,0.125273848,0.130997899,0.043241873
0.825301205,0.125286031,0.130622481,0.047166282
0.826104418,0.125125177,0.128734113,0.042668482
0.826907631,0.124895723,0.129749453,0.04863395
0.827710843,0.12424144,0.12964881,0.043212499
0.828514056,0.126803586,0.128557956,0.043894015
0.829317269,0.12391726,0.125814548,0.043731692
0.830120482,0.12438877,0.126305053,0.043989367
0.830923695,0.123936373,0.124793823,0.045452058
0.831726908,0.120706399,0.121559134,0.044367955
0.83253012,0.122497155,0.126270545,0.043794704
0.833333333,0.122310154,0.124666042,0.042733341
0.834136546,0.118715919,0.123556117,0.042099447
0.834939759,0.119369499,0.124859044,0.040444519
0.835742972,0.120889038,0.122877159,0.039938741
0.836546185,0.120990719,0.119831884,0.043763198
0.837349398,0.120714344,0.119940321,0.042276212
0.83815261,0.120653844,0.119483911,0.043010185
0.838955823,0.116137077,0.119862466,0.042641103
0.839759036,0.115262297,0.120270782,0.040084593
0.840562249,0.116682927,0.119684313,0.042463827
0.841365462,0.116320046,0.119765024,0.041504219
0.842168675,0.115867664,0.118800296,0.042241381
0.842971888,0.114566419,0.115925689,0.040844184
0.8437751,0.114537382,0.11549858,0.041091733
0.844578313,0.114537382,0.11549858,0.041091733
0.845381526,0.114537382,0.11549858,0.041091733
0.846184739,0.112164495,0.116419743,0.044087608
